Н692РТ777,Hyundai Solaris,2022-10-18,2022-10-12,N,2022-10-15 08:00:03
К931РК99 ,Kia Rio,2022-10-18,2022-10-12,N,2022-10-15 08:02:03
М423КТ197,Volkswagen Polo,2022-10-18,2022-10-12,N,2022-10-15 08:12:03
Е329РР150,Volkswagen Polo,2022-10-18,2022-10-12,N,2022-10-15 08:19:03
У049НЕ799,Hyundai Solaris,2022-10-18,2022-10-12,N,2022-10-15 08:25:03
Р071ХС77 ,Kia Rio,2022-10-18,2022-10-12,N,2022-10-15 08:32:03
Н720РК777,Kia Rio,2022-10-18,2022-10-12,N,2022-10-15 08:34:04
С079РО750,Kia Rio,2022-10-18,2022-10-12,N,2022-10-15 08:35:03
Р177НТ77 ,Volkswagen Polo,2022-10-18,2022-10-12,N,2022-10-15 08:42:03
Р023ЕН77 ,Kia Rio,2022-10-18,2022-10-12,N,2022-10-15 08:50:04
С214ТР777,Kia Rio,2022-10-18,2022-10-12,N,2022-10-15 09:26:03
К602СМ177,Hyundai Solaris,2022-10-18,2022-10-12,N,2022-10-15 09:34:03
Х253КЕ90 ,Volkswagen Polo,2022-10-18,2022-10-12,N,2022-10-15 09:53:03
К897КН977,Hyundai Solaris,2022-10-18,2022-10-12,N,2022-10-15 11:08:03
К173СН190,Kia Rio,2022-10-18,2022-10-12,N,2022-10-15 11:21:03
Т459РТ199,Volkswagen Polo,2022-10-18,2022-10-12,N,2022-10-15 11:29:03
О578РН77 ,Volkswagen Polo,2022-10-18,2022-10-12,N,2022-10-15 11:38:03
М506СН77 ,Kia Rio,2022-10-18,2022-10-12,N,2022-10-15 11:49:03
А702ОМ797,Hyundai Solaris,2022-10-18,2022-10-12,N,2022-10-15 11:51:03
М685РА977,Kia Rio,2022-10-18,2022-10-12,N,2022-10-15 11:56:03
Р222ТТ177,Volkswagen Polo,2022-10-18,2022-10-12,N,2022-10-15 11:59:03
М340АА97 ,Hyundai Solaris,2022-10-18,2022-10-12,N,2022-10-15 12:16:03
А274ЕТ197,Kia Rio,2022-10-18,2022-10-12,N,2022-10-15 12:41:03
Р323ВТ77 ,Volkswagen Polo,2022-10-18,2022-10-12,N,2022-10-15 12:58:03
У384НР90 ,Hyundai Solaris,2022-10-18,2022-10-12,N,2022-10-15 13:16:03
Р545НА77 ,Hyundai Solaris,2022-10-18,2022-10-12,N,2022-10-15 13:23:03
К389ТУ77 ,Hyundai Solaris,2022-10-18,2022-10-12,N,2022-10-15 13:55:03
Р030РС99 ,Hyundai Solaris,2022-10-18,2022-10-12,N,2022-10-15 14:25:03
Х913ЕР50 ,Kia Rio,2022-10-18,2022-10-12,N,2022-10-15 14:36:03
О612ВХ190,Kia Rio,2022-10-18,2022-10-12,N,2022-10-15 15:08:03
С825АС77 ,Hyundai Solaris,2022-10-18,2022-10-15,N,2022-10-15 15:11:04
Е570ХС197,Volkswagen Polo,2022-10-18,2022-10-15,N,2022-10-15 15:11:04
Н990ВН750,Hyundai Solaris,2022-10-18,2022-10-15,N,2022-10-15 15:12:03
М677ЕА99 ,Hyundai Solaris,2022-10-18,2022-10-15,N,2022-10-15 15:12:03
А591ЕУ77 ,Kia Rio,2022-10-18,2022-10-12,N,2022-10-15 15:12:03
В980МУ977,Volkswagen Polo,2022-10-18,2022-10-12,N,2022-10-15 15:25:03
М027МН199,Volkswagen Polo,2022-10-18,2022-10-12,N,2022-10-15 15:29:03
Н798ОВ190,Kia Rio,2022-10-18,2022-10-12,N,2022-10-15 15:36:03
Е198ЕС977,Kia Rio,2022-10-18,2022-10-12,N,2022-10-15 15:51:03
О438ХО97 ,Kia Rio,2022-10-18,2022-10-12,N,2022-10-15 15:52:03
О946ТХ197,Volkswagen Polo,2022-10-18,2022-10-12,N,2022-10-15 16:03:03
Т561СО77 ,Hyundai Solaris,2022-10-18,2022-10-12,N,2022-10-15 16:06:03
М919НР77 ,Kia Rio,2022-10-18,2022-10-12,N,2022-10-15 16:17:03
К405АР177,Volkswagen Polo,2022-10-19,2022-10-16,N,2022-10-16 06:04:03
С644НХ797,Volkswagen Polo,2022-10-19,2022-10-13,N,2022-10-16 08:11:03
К399ЕМ777,Kia Rio,2022-10-19,2022-10-13,N,2022-10-16 08:24:03
О002УЕ977,Hyundai Solaris,2022-10-19,2022-10-13,N,2022-10-16 08:40:03
