13 51 130647,Даниэль,Чемиренко,Артемьевич,2023-04-12,4205 4648 9442 7155,2022-10-12 12:47:03,1968-01-30
38 10 977977,Рослав,Головцов,Рославович,2023-04-12,7719 1583 7663 4759,2022-10-12 12:50:03,1976-11-04
34 48 464847,Алан,Сакобов,Тихонович,2023-04-12,1875 8923 3744 8928,2022-10-12 12:52:03,1978-08-18
42 30 001788,Игорь,Тарлов,Ефимович,2023-04-12,2186 7201 8599 1460,2022-10-12 12:54:03,1993-12-28
31 39 276519,Богдан,Свенюков,Юсуфович,2023-04-12,9590 3819 7544 6557,2022-10-12 12:54:03,1981-06-05
91 95 521602,Руслан,Попелицкий,Германович,2023-04-12,5198 9779 9847 9503,2022-10-12 12:55:03,1986-02-18
68 87 611785,Родион,Умралиев,Эрикович,2023-04-12,1486 9214 3856 5510,2022-10-12 12:55:03,1973-01-09
99 00 949942,Самир,Бондарев,Германович,2023-04-12,6222 8600 4484 3992,2022-10-12 12:57:03,1996-05-13
22 79 062689,Эмирхан,Цетнарский,Ильясович,2023-04-12,5247 4495 9014 2398,2022-10-12 12:57:03,1993-09-09
96 34 555121,Тигран,Даклеев,Михаилович,2023-04-12,3503 3829 4377 8481,2022-10-12 12:58:03,1984-01-08
39 24 868812,Савелий,Гармокацкий,Леонидович,2023-04-12,4059 9235 5280 7658,2022-10-12 13:02:03,1964-03-03
57 45 478087,Абубакр,Маржецкий,Яромирович,2023-04-12,4478 1758 5828 2283,2022-10-12 13:05:03,1981-02-12
60 53 123506,Григорий,Поляховский,Даниилович,2023-04-12,5136 9184 5614 7650,2022-10-12 13:05:03,1958-03-17
78 94 417774,Леон,Галендук,Георгиевич,2023-04-12,4276 8388 6376 5865,2022-10-12 13:07:03,1985-08-09
29 23 061556,Гордей,Номоконов,Рафаэлевич,2023-04-12,4478 1711 1830 1302,2022-10-12 13:08:03,1964-08-28
91 37 106609,Эльдар,Шелкоплясов,Всеволодович,2023-04-12,4104 6251 6046 7628,2022-10-12 13:08:03,1962-11-18
35 49 064257,Даниэль,Эльменькин,Рамильевич,2023-04-12,4908 5585 1554 1250,2022-10-12 13:08:03,1963-11-23
19 45 375711,Ахмед,Ламок,Омарович,2023-04-12,5440 5863 8641 1529,2022-10-12 13:12:03,1994-08-10
90 34 617796,Эльдар,Бочечкаров,Дамирович,2023-04-12,5264 8371 7686 8557,2022-10-12 13:12:03,1996-04-13
48 19 834110,Герман,Голяминских,Ростиславович,2023-04-12,5100 4785 1229 2117,2022-10-12 13:13:02,1969-04-09
63 61 454629,Юсуф,Пахарев,Эмирханович,2023-04-12,5224 7093 0616 8621,2022-10-12 13:13:02,1991-06-17
21 98 605447,Ян,Ведмидев,Усманович,2023-04-12,4438 8857 8775 4918,2022-10-12 13:22:03,1978-04-26
76 74 074441,Вадим,Сисемкин,Рафаэлевич,2023-04-12,5337 3672 6482 8118,2022-10-12 13:22:03,1981-12-31
96 06 961816,Илья,Штыкулин,Андреевич,2023-04-12,5100 8292 8626 1714,2022-10-12 13:24:03,1985-10-08
99 84 844505,Лука,Шапаев,Алексович,2023-04-12,4454 3561 5373 0394,2022-10-12 13:24:03,1992-02-25
72 99 829897,Станислав,Млицкий,Артемьевич,2023-04-12,4627 3099 8333 9813,2022-10-12 13:24:03,1989-12-03
56 72 256156,Алексей,Загатин,Демидович,2023-04-12,4033 3030 3648 3460,2022-10-12 13:27:03,1977-03-31
39 82 330885,Феликс,Икишев,Эмирович,2023-04-12,4627 2970 3547 1694,2022-10-12 13:27:03,1991-08-13
68 65 808288,Рамиль,Творовской,Сергеевич,2023-04-12,4276 4417 8895 5446,2022-10-12 14:28:03,1963-12-20
59 36 785414,Петр,Азимханов,Исмаилович,2023-04-12,4033 3043 5177 2016,2022-10-12 14:30:03,1968-12-20
89 02 777964,Артемий,Ебеев,Максимович,2023-04-12,5254 7758 4546 3743,2022-10-12 14:30:03,1982-07-19
92 32 425285,Игнат,Адлов,Теодорович,2023-04-12,5445 7367 9356 1870,2022-10-12 15:11:03,1976-03-07
63 79 653990,Давид,Михеичев,Феликсович,2023-04-12,4191 5244 2150 6346,2022-10-12 15:12:03,1969-07-30
05 91 383384,Лев,Оцеткевич,Оскарович,2023-04-12,4841 5736 1924 2051,2022-10-12 15:19:03,1974-02-26
83 00 827503,Максимилиан,Пикулькин,Артемович,2023-04-12,5100 8234 5388 3509,2022-10-12 15:39:03,1968-04-11
55 45 063547,Абубакр,Гитин,Эльдарович,2023-04-12,5224 7046 2333 4980,2022-10-12 15:40:03,1965-01-21
32 10 839880,Денис,Вересев,Григориевич,2023-04-12,5100 8212 0701 5253,2022-10-12 15:40:03,1971-04-30
24 38 965990,Даниил,Поповицкий,Кириллович,2023-04-12,4469 5558 8064 7986,2022-10-12 15:40:03,1996-04-10
09 25 313720,Николай,Кобанец,Яромирович,2023-04-12,5257 4430 1862 1632,2022-10-12 15:43:03,1994-10-19
13 25 159369,Мирон,Корчевой,Абдуллович,2023-04-12,4272 2921 7804 1261,2022-10-12 16:21:03,1990-11-07
32 41 080314,Юсуф,Мазурок,Олегович,2023-04-12,4276 4413 4617 1452,2022-10-12 16:23:03,1999-11-19
01 68 753901,Даниэль,Фудолевский,Вадимович,2023-04-12,4565 1585 1113 0283,2022-10-12 16:23:03,2000-06-05
82 61 669893,Станислав,Станерский,Дамирович,2023-04-12,5440 5815 7078 0565,2022-10-12 16:24:03,1990-04-30
87 18 350587,Тимофей,Басяк,Вячеславович,2023-04-12,4454 3580 5210 3624,2022-10-12 17:06:03,1965-10-22
31 23 507861,Даниэль,Скоробагатых,Ахмедович,2023-04-12,5117 3868 0718 7820,2022-10-12 17:06:03,1972-10-09
57 03 385671,Алекс,Слабеев,Петрович,2023-04-12,5254 7719 6845 2464,2022-10-12 17:06:03,1980-09-04
42 55 851320,Иса,Ломаренко,Платонович,2023-04-12,4058 7015 6849 1886,2022-10-12 17:47:03,1961-06-16
32 22 823527,Умар,Милюткин,Вячеславович,2023-04-12,5331 5723 6632 6319,2022-10-12 17:48:03,1971-04-29
84 13 848298,Герман,Воевудский,Арменович,2023-04-12,4104 6281 1996 0578,2022-10-12 17:48:03,1968-09-22
07 94 468935,Захар,Удеков,Эмирович,2023-04-12,4058 7082 6411 2344,2022-10-12 17:48:03,1964-06-17
55 80 329872,Стефан,Нехожин,Артурович,2023-04-12,5117 3875 1136 1115,2022-10-12 19:07:03,1975-11-19
01 28 345870,Данил,Дыбушкин,Маркович,2023-04-12,6766 3667 8415 0613,2022-10-12 19:08:03,1982-05-29
31 71 689664,Андрей,Зайков,Тимофеевич,2023-04-12,5264 8366 5636 5423,2022-10-12 19:16:03,1962-12-12
14 41 632302,Альберт,Озеренко,Мансурович,2023-04-12,4272 2981 4647 3189,2022-10-12 19:27:03,1985-01-31
93 02 778714,Степан,Валицкий,Асланович,2023-04-12,4406 6672 8826 6917,2022-10-12 19:27:03,1979-10-11
09 03 751231,Александр,Затынайко,Всеволодович,2023-04-12,5254 7711 8067 8193,2022-10-12 19:29:03,1981-01-21
94 86 106474,Антон,Команько,Расулович,2023-04-12,4627 2947 7817 2589,2022-10-12 19:42:03,1981-03-29
02 78 003918,Алан,Букванов,Тигранович,2023-04-12,4627 2973 2196 4030,2022-10-12 19:44:03,1983-10-26
34 68 247641,Абубакр,Вахмин,Дмитриевич,2023-04-12,5100 4787 3676 9155,2022-10-12 19:47:03,1972-03-13
30 69 218475,Клим,Фроймович,Аланович,2023-04-12,4033 3066 1313 6484,2022-10-12 19:47:03,1993-12-12
27 42 659977,Яков,Рябенкий,Аланович,2023-04-12,5440 5885 7942 0630,2022-10-12 19:48:03,1990-07-27
14 75 791244,Адам,Кондрюков,Федорович,2023-04-12,4191 5213 3122 1339,2022-10-12 19:49:03,1991-08-13
40 69 253321,Аркадий,Черноносов,Георгиевич,2023-04-12,4438 8886 3414 7815,2022-10-12 19:50:03,1966-12-28
46 98 281954,Арсений,Кузниченков,Кириллович,2023-04-12,5545 6262 3671 3270,2022-10-12 20:35:03,1981-06-02
56 77 651712,Аслан,Кутлев,Богданович,2023-04-12,4033 3042 0334 6415,2022-10-12 20:35:03,1963-05-08
23 58 830620,Расул,Зельцов,Ратмирович,2023-04-12,4469 5548 6424 0504,2022-10-12 20:36:03,1987-08-14
75 91 171618,Клим,Меченков,Эрикович,2023-04-12,4469 5828 4782 8228,2022-10-12 20:36:03,1979-09-10
11 17 141983,Сулейман,Конецозерский,Максимилианович,2023-04-12,4565 1513 1569 6484,2022-10-12 20:37:04,1972-06-08
44 55 298585,Платон,Гулаков,Саидович,2023-04-12,5316 8757 5446 8133,2022-10-12 20:37:04,1970-05-10
08 21 080973,Микаил,Туманов,Вадимович,2023-04-12,4377 7336 0553 4711,2022-10-12 20:39:03,1984-03-01
19 72 279003,Абдулла,Аленченко,Алексеевич,2023-04-12,4183 8468 1711 1898,2022-10-12 21:28:03,1980-12-17
60 16 752661,Тигран,Дюбарев,Степанович,2023-04-12,5489 9902 2859 8851,2022-10-12 21:28:03,1980-07-07
50 08 268467,Николай,Войцев,Степанович,2023-04-12,4478 1763 0948 1342,2022-10-12 21:31:03,1996-10-10
13 48 527739,Павел,Годель,Артемович,2023-04-12,5440 5807 7902 6382,2022-10-12 21:32:03,1973-07-20
98 30 011780,Микаил,Андрияко,Иванович,2023-04-12,4059 9261 2075 7081,2022-10-12 21:33:03,1961-11-27
15 28 722626,Василий,Сахарук,Эрикович,2023-04-12,5313 4443 1634 1610,2022-10-12 21:33:03,1980-03-23
50 11 848368,Даниил,Кунаевский,Константинович,2023-04-12,4276 4424 3492 3119,2022-10-12 21:35:03,1988-08-01
27 38 209665,Антон,Ежеев,Игоревич,2023-04-12,4478 1765 0175 6376,2022-10-12 21:37:03,1998-06-09
27 07 064053,Рамзан,Судияров,Петрович,2023-04-12,5489 9923 9453 8786,2022-10-12 22:01:03,1963-04-05
45 23 533865,Всеволод,Брашкин,Михаилович,2023-04-12,5117 3880 1832 6254,2022-10-12 22:03:03,1964-01-04
56 67 379069,Василий,Мукко,Гордеевич,2023-04-12,5235 2675 3839 6145,2022-10-12 22:04:03,2000-12-06
64 01 999198,Абубакр,Маншев,Сергеевич,2023-04-12,5316 8766 3739 0726,2022-10-12 22:40:03,1977-07-21
15 43 418766,Руслан,Уськов,Константинович,2023-04-12,4272 2973 8528 7508,2022-10-12 22:40:03,1961-12-26
79 94 704804,Мирослав,Кухаршин,Русланович,2023-04-12,4469 5567 1171 7840,2022-10-12 22:41:03,1999-03-11
66 79 903172,Адриан,Чивозеров,Владиславович,2023-04-12,5313 4410 8850 3872,2022-10-12 22:42:03,1987-06-28
54 52 596496,Демьян,Сеяров,Максимилианович,2023-04-12,5224 7025 7136 7598,2022-10-12 22:49:03,1973-08-16
64 11 176975,Денис,Бадонов,Анатолиевич,2023-04-12,5331 5750 2621 2472,2022-10-12 22:50:03,1971-07-15
43 92 314485,Юсуф,Татев,Усманович,2023-04-12,4276 4416 7462 2027,2022-10-12 23:44:03,1971-09-22
16 14 553386,Микаил,Чихачов,Ильич,2023-04-12,4627 3013 3761 5485,2022-10-12 23:45:04,2001-05-10
01 14 154581,Эмирхан,Сенокопенко,Добрынич,2023-04-12,4272 2948 8813 0947,2022-10-12 23:49:03,1980-03-16
51 25 001087,Кузьма,Пилипенко,Исламович,2023-04-12,5100 8213 9967 2176,2022-10-12 23:59:03,1969-06-20
38 09 687717,Никита,Меджигурский,Александрович,2023-04-13,5278 8337 7601 9828,2022-10-13 00:00:03,1994-10-01
60 77 020161,Денис,Смылович,Романович,2023-04-13,5254 7724 6639 9769,2022-10-13 00:00:03,1957-12-05
36 66 107246,Максимилиан,Кязимов,Глебович,2023-04-13,5257 4424 7684 3738,2022-10-13 00:01:03,1992-02-11
81 78 690664,Рамиль,Киликеев,Егорович,2023-04-13,4841 5759 8756 9643,2022-10-13 00:03:03,1987-06-23
18 48 109889,Владислав,Артымишин,Кириллович,2023-04-13,5235 2640 2786 7074,2022-10-13 00:03:03,1980-04-10
02 63 585932,Стефан,Заподобников,Абдуллович,2023-04-13,4183 8475 3404 8405,2022-10-13 00:04:03,1984-11-05
88 39 709301,Михаил,Петненко,Ахмедович,2023-04-13,5254 7733 8335 1685,2022-10-13 00:04:03,1984-12-04
09 62 592545,Адриан,Исаньяров,Глебович,2023-04-13,5313 4460 8832 2934,2022-10-13 00:05:03,1994-12-24
45 41 817823,Семен,Сальмянов,Валериевич,2023-04-13,4390 5657 8135 6946,2022-10-13 00:05:03,1973-08-24
60 75 792029,Умар,Дебровин,Усманович,2023-04-13,5489 9933 5408 8820,2022-10-13 00:08:03,2000-11-11
05 92 361814,Сергей,Дранко,Умарович,2023-04-13,5489 9987 3622 3904,2022-10-13 00:14:03,1983-07-27
51 31 966332,Валерий,Новальнев,Ибрагимович,2023-04-13,4909 8687 6156 6961,2022-10-13 00:14:03,1969-08-09
97 85 120859,Денис,Тришечкин,Германович,2023-04-13,4276 8331 7547 7390,2022-10-13 00:15:03,1977-11-19
52 09 831058,Максим,Давлетукаев,Арменович,2023-04-13,5257 4453 3104 5340,2022-10-13 00:15:03,1965-02-18
45 72 537007,Микаэль,Марушко,Демьянович,2023-04-13,4469 5568 6396 6096,2022-10-13 01:52:03,1985-10-27
83 49 900517,Юсуф,Люблюк,Георгиевич,2023-04-13,5331 5708 8998 8045,2022-10-13 01:58:04,1982-05-05
78 00 638503,Ибрагим,Полянцов,Вадимович,2023-04-13,5213 2422 8551 5383,2022-10-13 01:58:04,1997-04-26
42 04 514303,Данила,Ленцнавальский,Романович,2023-04-13,4406 6663 2132 9203,2022-10-13 01:59:03,1973-03-18
61 34 916748,Эмирхан,Коралько,Артемьевич,2023-04-13,5100 4767 4150 1126,2022-10-13 01:59:03,1999-03-26
92 77 718351,Армен,Липчын,Даниилович,2023-04-13,5313 4439 6070 6433,2022-10-13 02:00:03,1958-07-28
54 04 274513,Гавриил,Тетерко,Расулович,2023-04-13,4272 2986 8801 2015,2022-10-13 02:00:03,1962-03-12
99 95 563475,Леон,Сапиковский,Эдуардович,2023-04-13,4841 5753 8419 7113,2022-10-13 02:00:03,1961-02-10
47 06 881370,Юрий,Савбанов,Тимофеевич,2023-04-13,4191 5241 6188 1479,2022-10-13 02:00:03,1993-03-31
39 32 802468,Клим,Видилин,Ильясович,2023-04-13,4047 5766 1499 4644,2022-10-13 03:48:03,1989-05-05
92 51 530806,Богдан,Кардетский,Саввич,2023-04-13,4058 7067 8877 0456,2022-10-13 04:00:03,1972-06-25
77 41 666034,Карим,Демеуов,Антонович,2023-04-13,4058 7027 4775 5316,2022-10-13 04:01:03,1979-12-25
57 62 357758,Максимилиан,Вильковуйский,Глебович,2023-04-12,4478 1749 8452 4890,2022-10-15 00:34:03,1981-01-02
26 59 082631,Альберт,Дьяковецкий,Артурович,2023-04-13,4438 8813 1318 9398,2022-10-13 04:01:03,1966-06-17
94 80 952095,Леонид,Семиоков,Абубакрович,2023-04-13,4183 8428 1969 4858,2022-10-13 04:02:03,1980-12-06
75 06 467744,Микаил,Патрайко,Сулейманович,2023-04-13,4478 1800 2978 4878,2022-10-13 04:02:03,1966-03-20
15 11 437620,Всеволод,Свентский,Станиславович,2023-04-13,4478 1841 8961 1467,2022-10-13 04:04:03,1987-02-05
33 98 406476,Феликс,Бругевич,Родионович,2023-04-13,4276 8371 3741 5422,2022-10-13 04:04:03,1975-11-01
68 97 469114,Богдан,Добосов,Рафаэлевич,2023-04-13,4469 5572 2515 6178,2022-10-13 04:15:03,1991-02-02
32 80 226312,Сулейман,Климашевский,Тихонович,2023-04-13,4059 9216 4823 3806,2022-10-13 04:15:03,1985-09-20
64 97 207995,Микаэль,Кабылкин,Аркадиевич,2023-04-13,4478 1711 7084 5170,2022-10-13 04:51:03,1964-04-27
86 75 784458,Ибрагим,Загаревский,Мирославович,2023-04-13,5337 3645 4427 1136,2022-10-13 04:51:03,1971-04-10
37 19 716917,Расул,Маланенков,Денисович,2023-04-13,4390 5660 5635 7221,2022-10-13 04:56:03,1994-09-24
77 65 895849,Савелий,Палкович,Леонидович,2023-04-13,4033 3005 3475 1109,2022-10-13 05:07:03,1997-05-22
27 53 445288,Мансур,Грибацкий,Родионович,2023-04-13,4033 3017 2542 2450,2022-10-13 05:30:03,2001-08-30
56 76 688945,Демид,Машнин,Феликсович,2023-04-13,4349 1441 4624 5111,2022-10-13 05:30:03,1963-04-20
28 23 365100,Аслан,Дяденкин,Елисеевич,2023-04-13,5331 5757 4002 6877,2022-10-13 05:31:03,1993-05-18
58 36 936177,Кузьма,Видерко,Абубакрович,2023-04-13,5323 1571 7568 3751,2022-10-13 05:31:03,1966-09-27
20 43 478922,Омар,Отешко,Усманович,2023-04-13,4454 3558 4310 6627,2022-10-13 06:13:03,1959-02-21
42 81 088415,Станислав,Левхин,Арсланович,2023-04-13,5100 8250 5322 1733,2022-10-13 06:22:03,1972-04-15
85 73 048375,Владимир,Рединцев,Леонидович,2023-04-13,4059 9293 0411 0127,2022-10-13 06:40:03,1980-06-23
11 99 130236,Умар,Писарук,Тихонович,2023-04-13,4478 1733 4011 0717,2022-10-13 06:40:03,1968-05-18
20 26 733326,Даниэль,Рожвицкий,Левонович,2023-04-13,4406 6694 2804 6381,2022-10-13 06:41:03,1978-12-06
23 82 157728,Всеволод,Пантилейкин,Левонович,2023-04-13,4377 7328 6030 2921,2022-10-13 06:43:03,1959-01-31
51 95 361541,Рустам,Шальгимбаев,Микаэлевич,2023-04-13,4058 7096 2246 8279,2022-10-13 06:43:03,1973-06-13
01 02 615557,Арсен,Кобылкин,Александрович,2023-04-13,5254 7769 4651 7130,2022-10-13 06:50:03,1974-03-15
54 76 249346,Ефим,Дрождин,Миронович,2023-04-13,5290 4751 2862 6258,2022-10-13 06:50:03,1997-12-14
68 25 775499,Константин,Федичко,Рамильевич,2023-04-13,5290 4751 2617 2867,2022-10-13 06:50:03,1995-09-27
93 70 941475,Булат,Стерхов,Анатолиевич,2023-04-13,4406 6615 9096 5597,2022-10-13 07:34:03,1968-11-28
75 95 982680,Алекс,Осюнько,Ратмирович,2023-04-13,5489 9922 7583 6416,2022-10-13 07:35:03,1985-11-17
35 20 497194,Яромир,Финьковский,Захарович,2023-04-13,4341 4630 7727 1740,2022-10-13 07:36:03,1964-12-19
85 58 719273,Леонид,Панкрушев,Кузьмич,2023-04-13,4406 6620 1387 4689,2022-10-13 07:36:03,1983-05-08
16 16 092090,Лука,Нужнев,Амирович,2023-04-13,4047 5719 6232 3355,2022-10-13 07:37:03,1989-11-22
47 97 678502,Шамиль,Чильчигешев,Данилович,2023-04-13,5254 7760 8482 7242,2022-10-13 07:37:03,1963-01-17
62 32 044779,Гордей,Шонкин,Микаэлевич,2023-04-13,5264 8342 8019 3865,2022-10-13 08:32:03,1975-02-18
90 53 562510,Эмин,Кадухин,Евгеньевич,2023-04-13,4469 5815 3725 1485,2022-10-13 08:35:03,1978-10-28
05 70 316078,Магомед,Вержховский,Владимирович,2023-04-13,5100 8212 1355 1044,2022-10-13 08:36:03,1996-06-23
56 91 446339,Елисей,Гайдок,Антонович,2023-04-13,5100 8223 6175 4471,2022-10-13 08:36:03,1975-04-07
41 11 786787,Антон,Аблец,Кузьмич,2023-04-13,5323 1523 0479 8489,2022-10-13 08:37:03,1969-03-01
09 11 878390,Юсуф,Свердлин,Львович,2023-04-13,4469 5551 7373 7148,2022-10-13 08:38:03,1965-09-06
74 81 866818,Олег,Чмарков,Владимирович,2023-04-13,4627 2994 7044 6314,2022-10-13 08:38:03,1981-06-18
11 02 197451,Дамир,Фахуллаев,Филиппович,2023-04-13,4478 1780 3630 3716,2022-10-13 09:13:03,1993-12-12
35 43 299809,Прохор,Северилов,Михаилович,2023-04-13,4908 5561 7029 7226,2022-10-13 09:39:03,1982-07-18
56 19 096900,Егор,Беккесов,Александрович,2023-04-13,4478 1843 8415 7571,2022-10-13 09:40:03,1962-07-15
51 12 481635,Роман,Корнетов,Левонович,2023-04-13,4276 4420 6833 1480,2022-10-13 09:41:03,1974-02-03
60 03 695140,Эмирхан,Хиславский,Тамерланович,2023-04-13,4058 7013 6370 5571,2022-10-13 09:43:03,1976-12-02
42 68 231314,Серафим,Теличкин,Прохорович,2023-04-13,4454 3595 1623 9384,2022-10-13 09:45:03,1978-03-22
49 24 927780,Роберт,Дзеконский,Демьянович,2023-04-13,4183 8411 9491 4345,2022-10-13 09:48:03,1967-08-27
17 13 446352,Рустам,Чимишкян,Павлович,2023-04-13,5224 7038 4551 3280,2022-10-13 09:49:03,1983-11-19
43 85 998035,Родион,Кушеньков,Яромирович,2023-04-13,5489 9929 3751 4153,2022-10-13 09:50:03,1975-01-06
41 93 144502,Альберт,Вельянинов,Всеволодович,2023-04-13,4478 1810 0131 2761,2022-10-13 10:17:03,1980-11-23
28 50 912038,Егор,Краснослободцев,Тимофеевич,2023-04-13,5406 1640 2126 9272,2022-10-13 10:17:03,1998-03-02
64 97 916312,Иван,Карккинен,Микаилович,2023-04-13,5254 7789 2734 3718,2022-10-13 10:17:03,2001-05-28
89 69 916854,Микаэль,Заверталюк,Игоревич,2023-04-13,4276 8361 7195 1300,2022-10-13 11:44:03,1968-11-23
52 58 735029,Эльдар,Нерпин,Гордеевич,2023-04-13,5100 4727 1934 7469,2022-10-13 11:44:03,1972-11-05
92 37 050427,Рослав,Антопольский,Аркадиевич,2023-04-13,4276 8328 1483 0704,2022-10-13 11:44:03,1960-03-22
27 68 730538,Дамир,Турурухин,Мирославович,2023-04-13,5545 6278 2693 5406,2022-10-13 11:48:03,1970-05-11
28 20 540727,Амин,Ковальченко,Арсенович,2023-04-13,4058 7065 9781 4420,2022-10-13 11:49:03,1977-09-19
64 55 784172,Лев,Мезинцов,Адрианович,2023-04-13,4104 6259 8645 5211,2022-10-13 11:49:03,1975-08-22
05 59 844829,Илья,Мушлер,Валериевич,2023-04-13,5117 3832 8496 6628,2022-10-13 11:50:03,1960-06-15
34 83 376780,Яков,Луговацкий,Тигранович,2023-04-13,4438 8868 1402 9688,2022-10-13 11:50:03,1996-10-24
60 31 140932,Ярослав,Ооломенцев,Романович,2023-04-13,4033 3018 6332 5960,2022-10-13 11:57:04,1965-03-28
69 90 486635,Родион,Желненко,Исмаилович,2023-04-13,5406 1670 1445 0619,2022-10-13 11:58:03,1972-05-30
67 46 737850,Роман,Фальев,Дмитриевич,2023-04-13,5136 9110 6188 7281,2022-10-13 11:59:03,1993-10-18
89 89 965053,Юрий,Визинтийский,Гавриилович,2023-04-13,4390 5668 6358 1658,2022-10-13 11:59:03,1963-10-08
62 97 006660,Лука,Коробкин,Эмилевич,2023-04-13,4627 2967 6301 2399,2022-10-13 11:59:03,1989-08-10
95 66 146273,Артем,Познахерин,Исламович,2023-04-13,4390 5685 6516 7422,2022-10-13 12:00:03,1974-08-20
94 40 077419,Имран,Хаджимурадов,Платонович,2023-04-13,4377 7365 9444 9544,2022-10-13 12:00:03,1999-08-06
88 74 343930,Арслан,Богайцов,Константинович,2023-04-13,5100 4773 7938 5881,2022-10-13 12:01:03,1998-10-07
49 79 480189,Рамиль,Лесибергер,Айдарович,2023-04-13,5224 7048 1884 5667,2022-10-13 12:01:03,1987-03-15
51 33 563082,Альберт,Микуницкий,Эрикович,2023-04-13,4908 5561 4407 8306,2022-10-13 12:02:03,1974-11-23
66 79 232861,Гордей,Скрябов,Тимофеевич,2023-04-13,4478 1892 7680 1012,2022-10-13 12:24:03,1963-02-09
64 10 670108,Роман,Крикунов,Алиевич,2023-04-13,5213 2411 0495 6133,2022-10-13 14:18:03,1987-02-05
56 73 948636,Савва,Придий,Анатолиевич,2023-04-13,4341 4689 7556 6497,2022-10-13 14:27:03,1965-01-14
06 50 660419,Арсен,Амасенок,Макарович,2023-04-13,5323 1518 8232 4346,2022-10-13 14:28:03,1990-12-24
76 75 686156,Ефим,Сташко,Феликсович,2023-04-13,4059 9263 3847 8645,2022-10-13 14:28:03,1962-05-31
70 39 929889,Алан,Барыкин,Дамирович,2023-04-13,4047 5721 4575 4854,2022-10-13 14:28:03,1975-03-13
48 76 717070,Никита,Немятченко,Захарович,2023-04-13,6766 3609 0584 1986,2022-10-13 14:32:03,1972-10-28
37 26 871064,Виталий,Наволодский,Артемьевич,2023-04-13,4438 8851 2084 3360,2022-10-13 14:33:03,1965-01-19
44 48 128520,Мирон,Намзин,Саидович,2023-04-13,5290 4797 1253 7178,2022-10-13 14:34:03,1962-03-15
40 06 747851,Ян,Якишматов,Юсуфович,2023-04-13,4454 3543 0893 4342,2022-10-13 14:37:03,1963-08-24
23 54 444506,Кузьма,Боярский,Микаилович,2023-04-13,5235 2648 8883 0419,2022-10-13 14:51:03,1997-12-22
88 28 641507,Даниил,Бессолицин,Григориевич,2023-04-13,5213 2443 0811 3212,2022-10-13 15:28:03,1971-09-05
23 38 416282,Марк,Заслонин,Платонович,2023-04-13,5100 4751 7623 7479,2022-10-13 15:29:03,1983-10-11
43 79 401788,Серафим,Мирин,Арменович,2023-04-13,4908 5591 5869 3010,2022-10-13 15:30:03,1970-08-27
40 95 944441,Гавриил,Шлягин,Ярославович,2023-04-13,4478 1838 2257 3134,2022-10-13 15:30:03,1999-05-05
28 29 427530,Яромир,Фефлер,Матвеевич,2023-04-13,4627 3052 2082 5366,2022-10-13 15:31:03,1993-07-25
10 56 438984,Алексей,Сямтомов,Сергеевич,2023-04-13,5224 7006 4667 7629,2022-10-13 15:32:03,1992-03-18
04 65 778788,Ислам,Трубчаников,Демидович,2023-04-13,5224 7061 1246 4566,2022-10-13 15:32:03,1970-09-28
68 43 064536,Виктор,Мушко,Саидович,2023-04-13,4469 5805 0483 4216,2022-10-13 16:40:03,1964-07-19
57 47 534772,Кирилл,Детюк,Рамзанович,2023-04-13,4047 5781 9378 2309,2022-10-13 17:03:03,1990-03-12
11 59 617416,Эмирхан,Старухин,Камильевич,2023-04-13,6766 3626 1574 3767,2022-10-13 17:03:03,1984-12-24
60 52 142235,Усман,Булышев,Лукич,2023-04-13,5445 7384 5433 0215,2022-10-13 17:04:03,1988-11-15
34 88 871593,Левон,Донников,Кузьмич,2023-04-13,4272 2954 5878 3387,2022-10-13 17:06:04,1989-02-09
03 55 932141,Захар,Жовнерко,Эдуардович,2023-04-13,5545 6277 9607 0887,2022-10-13 17:07:03,1977-12-02
69 78 817769,Омар,Зоншеин,Павлович,2023-04-13,4272 2931 3348 3556,2022-10-13 17:07:03,1982-10-23
04 62 476977,Мирослав,Зеленов,Максимилианович,2023-04-13,4183 8423 2302 5458,2022-10-13 17:07:03,1971-08-16
60 80 956631,Мансур,Кадыков,Даниэлевич,2023-04-13,5136 9169 5566 8564,2022-10-13 17:08:03,1997-12-22
39 27 501143,Вячеслав,Данильчук,Анатолиевич,2023-04-13,4390 5676 5674 2275,2022-10-13 17:09:03,1973-04-25
31 31 244748,Айдар,Трефоный,Аминович,2023-04-13,5313 4427 8428 6986,2022-10-13 17:10:03,1998-11-09
57 35 306452,Роберт,Ужименко,Мирославович,2023-04-13,4104 6219 1770 2912,2022-10-13 17:16:03,1958-07-18
06 56 960770,Рамзан,Покупевич,Андреевич,2023-04-13,5406 1691 4177 0760,2022-10-13 17:16:03,1976-01-26
12 31 026023,Рослав,Батьковский,Геннадиевич,2023-04-13,5136 9118 4325 3489,2022-10-13 17:20:03,1999-11-12
19 02 373476,Леонид,Долозин,Эльдарович,2023-04-13,5163 3186 6581 4263,2022-10-13 18:21:03,1970-03-07
46 30 152576,Дамир,Джексембеков,Кузьмич,2023-04-13,5278 8330 7358 5034,2022-10-13 18:21:03,1971-06-26
81 21 894109,Шамиль,Мостинин,Романович,2023-04-13,5100 4715 4847 1573,2022-10-13 18:45:03,1996-03-19
77 66 781405,Николай,Остикайнен,Рафаэлевич,2023-04-13,4276 8321 7483 4189,2022-10-13 18:46:03,1984-09-15
78 37 336475,Николай,Харпаев,Кузьмич,2023-04-13,5257 4474 6174 4197,2022-10-13 18:47:03,1963-03-14
70 64 283233,Али,Неколяк,Тихонович,2023-04-13,5117 3863 6744 5618,2022-10-13 18:49:03,1984-02-11
33 02 763249,Амир,Игнатевич,Феликсович,2023-04-13,5323 1536 0347 6520,2022-10-13 18:49:03,1974-09-24
29 65 599743,Омар,Андратов,Давидович,2023-04-13,5316 8726 1856 7226,2022-10-13 18:51:03,1993-02-18
29 15 403000,Лука,Бадчаев,Антонович,2023-04-13,4438 8846 6217 8335,2022-10-13 18:51:03,1985-05-14
61 53 623201,Назар,Мазяркин,Геннадиевич,2023-04-13,5313 4442 2530 7702,2022-10-13 19:15:03,1982-05-14
59 26 487725,Кирилл,Таширов,Евгеньевич,2023-04-13,4478 1852 7361 2105,2022-10-13 19:16:03,2000-04-14
34 81 059987,Александр,Цидирев,Маратович,2023-04-13,5290 4771 8756 8504,2022-10-13 19:16:03,1962-10-30
76 07 884317,Демид,Маталин,Алексович,2023-04-13,5100 4772 1282 0771,2022-10-13 19:16:03,1980-03-21
16 22 013536,Петр,Тягнибок,Рустамович,2023-04-13,5254 7742 8995 6510,2022-10-13 19:17:03,2000-05-27
14 78 658208,Дмитрий,Лягушев,Владимирович,2023-04-13,5545 6253 7923 8012,2022-10-13 19:17:03,1968-04-17
30 26 627613,Карим,Расшибин,Леонович,2023-04-13,4469 5548 8350 4450,2022-10-13 19:18:03,1995-02-25
06 30 819148,Станислав,Штоппель,Анатолиевич,2023-04-13,4478 1843 2876 1835,2022-10-13 19:40:04,1993-04-20
07 88 786174,Вадим,Фроммилер,Артемович,2023-04-13,4454 3543 8743 4156,2022-10-13 19:40:04,1962-09-29
44 55 351164,Богдан,Голонягин,Геннадиевич,2023-04-13,4104 6225 9644 1319,2022-10-13 21:15:03,1981-09-26
23 37 185065,Демид,Латмарин,Абдуллович,2023-04-13,4627 2946 4691 8353,2022-10-13 21:16:03,2000-01-12
93 15 575996,Стефан,Киндясин,Викторович,2023-04-13,4469 5579 6212 0635,2022-10-13 21:16:03,1969-10-27
57 23 034397,Рустам,Вильдинг,Сергеевич,2023-04-13,4104 6257 8662 5963,2022-10-13 21:27:03,1981-05-12
22 42 184915,Виктор,Габдульгафаров,Мирославович,2023-04-13,4469 5548 9155 4612,2022-10-13 21:34:03,1976-03-21
82 51 139632,Глеб,Стародубец,Гордеевич,2023-04-13,4478 1851 0774 1856,2022-10-13 21:35:03,1988-02-25
82 74 947851,Тимур,Сеншин,Назарович,2023-04-13,4272 2921 8874 5554,2022-10-13 21:35:03,1967-05-31
40 55 213653,Абдулла,Мордыка,Александрович,2023-04-13,5406 1617 5538 1232,2022-10-13 22:16:03,1961-09-07
68 11 022435,Рамзан,Вышин,Егорович,2023-04-13,5100 8200 7469 1436,2022-10-13 22:16:03,1961-06-23
06 54 632233,Мансур,Дуброволов,Самирович,2023-04-13,4183 8453 8614 5402,2022-10-13 22:18:03,1990-02-27
67 82 562199,Илья,Куравель,Добрынич,2023-04-13,5213 2475 3883 3624,2022-10-13 22:18:03,1964-09-04
76 77 374627,Рамиль,Дейнико,Анатолиевич,2023-04-13,5100 8253 1592 4587,2022-10-13 22:19:03,1988-08-25
66 73 483574,Леонид,Литаров,Оскарович,2023-04-13,5313 4411 6158 2900,2022-10-13 22:19:03,1992-06-14
75 38 542173,Амир,Зяблинский,Русланович,2023-04-13,4478 1858 6622 5273,2022-10-13 22:20:03,1965-03-06
57 40 315684,Анатолий,Бовышев,Даниэлевич,2023-04-13,4469 5820 8163 7301,2022-10-13 22:52:03,1999-11-01
08 73 325151,Николай,Данекер,Тигранович,2023-04-13,4627 2933 6011 1427,2022-10-13 22:53:03,1994-12-15
55 13 040929,Кузьма,Банькин,Эрикович,2023-04-13,5323 1561 2661 1671,2022-10-13 22:53:03,1963-08-26
21 45 529111,Рустам,Нигматуллов,Миронович,2023-04-13,5290 4726 8283 1937,2022-10-13 22:53:03,1987-12-01
22 89 995493,Алекс,Ломтатидзе,Османович,2023-04-13,4349 1444 8112 1737,2022-10-13 23:59:03,1999-09-01
31 32 045873,Матвей,Картофлицкий,Всеволодович,2023-04-14,4406 6695 0668 8773,2022-10-14 00:00:03,1998-05-28
83 28 192444,Адам,Хориповский,Тигранович,2023-04-14,4047 5702 3526 6631,2022-10-14 00:00:03,1962-07-23
84 25 372765,Герман,Годенчук,Леонович,2023-04-12,5136 9138 4468 5412,2022-10-14 00:06:03,1963-07-16
69 47 196081,Артем,Пайзов,Леонидович,2023-04-14,4047 5783 7114 1518,2022-10-14 00:41:03,1973-10-03
32 94 336292,Алекс,Оконешников,Платонович,2023-04-14,5264 8386 6445 0825,2022-10-14 00:45:03,1990-08-20
42 87 749988,Тигран,Бажедонов,Исаевич,2023-04-14,4272 2933 1575 4188,2022-10-14 00:45:03,1977-05-26
59 82 718806,Рамиль,Аугустин,Робертович,2023-04-14,4841 5745 1157 9137,2022-10-14 00:46:03,1991-06-02
92 58 246033,Максим,Мирофиянский,Владимирович,2023-04-14,5323 1531 5255 0709,2022-10-14 00:47:03,1976-08-16
18 24 931952,Камиль,Кондрасюк,Егорович,2023-04-14,5323 1582 2109 2500,2022-10-14 00:47:03,2000-01-06
99 09 128680,Антон,Оляев,Филиппович,2023-04-14,5489 9974 5786 4532,2022-10-14 00:47:03,1969-04-08
82 78 613739,Евгений,Дорофеин,Исмаилович,2023-04-14,5264 8372 1516 1824,2022-10-14 00:48:03,1983-02-27
43 90 168573,Теодор,Хряков,Исламович,2023-04-14,4341 4618 4447 4670,2022-10-14 00:48:03,2001-05-29
84 03 634722,Филипп,Заможский,Омарович,2023-04-14,4478 1815 6550 7160,2022-10-14 00:48:03,1970-08-24
93 11 974775,Клим,Меделяев,Григориевич,2023-04-14,5278 8351 5981 0806,2022-10-14 00:49:03,1980-03-21
60 03 774549,Лука,Животок,Адрианович,2023-04-14,5264 8381 5136 1386,2022-10-14 00:50:03,1976-04-15
86 28 700358,Руслан,Цейров,Магомедович,2023-04-14,4058 7095 7296 4897,2022-10-14 00:50:03,1992-06-12
89 14 634692,Вадим,Третенко,Владимирович,2023-04-14,5257 4466 3411 1482,2022-10-14 00:50:03,1996-09-11
72 00 081523,Арсен,Есчанов,Омарович,2023-04-14,5316 8719 6362 3881,2022-10-14 02:11:03,1998-09-26
44 01 346947,Филипп,Гулоянц,Рамильевич,2023-04-14,4058 7077 8412 4680,2022-10-14 02:11:03,1979-08-17
64 78 446330,Ибрагим,Короськов,Аркадиевич,2023-04-14,5316 8773 3600 3693,2022-10-14 02:12:03,1997-12-20
00 50 611957,Абубакр,Понтулов,Аланович,2023-04-14,5254 7745 6728 6572,2022-10-14 02:14:03,1982-07-18
45 46 476692,Георгий,Басеев,Ростиславович,2023-04-14,4478 1788 4539 1555,2022-10-14 02:15:03,1992-05-15
37 23 868154,Самир,Куштаев,Архипович,2023-04-14,5440 5814 5219 5460,2022-10-14 02:16:03,1987-08-16
08 23 221741,Олег,Слабышев,Рафаэлевич,2023-04-14,5117 3832 9861 9262,2022-10-14 02:16:03,1995-07-02
35 19 360424,Булат,Габсабиров,Романович,2023-04-14,4191 5217 0492 2943,2022-10-14 03:07:03,1986-12-12
37 69 456836,Мирон,Нагирняк,Османович,2023-04-14,4908 5560 0534 3773,2022-10-14 03:07:03,1961-09-01
09 59 307788,Мансур,Киршанинов,Макарович,2023-04-14,5163 3142 5892 1219,2022-10-14 03:07:03,1973-02-15
38 53 945783,Макар,Подлужевич,Захарович,2023-04-14,5100 4735 8148 0362,2022-10-14 03:08:03,1958-10-23
87 85 078911,Булат,Лапенко,Степанович,2023-04-14,5445 7371 5240 2136,2022-10-14 03:08:03,1993-01-04
18 35 452602,Марат,Мотушкин,Янович,2023-04-14,5440 5826 6421 8645,2022-10-14 03:08:03,1961-09-20
24 31 129178,Ярослав,Дзебин,Эдуардович,2023-04-14,5406 1671 8140 2757,2022-10-14 03:10:03,1990-11-10
92 65 549340,Левон,Ведев,Робертович,2023-04-14,4272 2912 2826 8437,2022-10-14 03:10:03,1958-09-28
46 34 426007,Елисей,Беркин,Добрынич,2023-04-14,5313 4411 2333 9639,2022-10-14 03:12:03,1962-12-17
05 56 860781,Серафим,Андреанов,Шамильевич,2023-04-14,4390 5615 6742 6144,2022-10-14 03:12:03,1973-07-29
20 31 287708,Данил,Данылец,Кузьмич,2023-04-14,5290 4778 2456 7281,2022-10-14 03:16:04,1998-07-14
37 96 565590,Ефим,Патинский,Усманович,2023-04-14,4191 5288 3706 2349,2022-10-14 03:16:04,1961-08-21
01 09 342943,Усман,Асатуров,Демидович,2023-04-14,4469 5565 9257 5069,2022-10-14 03:49:03,1981-08-17
23 35 145024,Василий,Коротюк,Николаевич,2023-04-14,5316 8708 5440 8857,2022-10-14 03:49:03,1982-08-11
34 47 499773,Родион,Огийчук,Демидович,2023-04-14,4276 8333 4688 7048,2022-10-14 03:50:03,1967-07-27
53 27 486395,Кузьма,Гульков,Захарович,2023-04-14,4341 4616 8492 5336,2022-10-14 03:52:03,1961-04-17
26 46 573459,Денис,Пшеничиков,Артурович,2023-04-14,5257 4432 4355 2933,2022-10-14 03:52:03,1969-06-05
10 15 240265,Анатолий,Шиняков,Егорович,2023-04-14,4454 3563 3792 5266,2022-10-14 03:52:03,1961-11-03
24 71 072873,Артур,Лесюковский,Алексович,2023-04-14,4276 4482 0944 4405,2022-10-14 03:53:03,1974-02-14
14 94 715750,Михаил,Личиков,Эмилевич,2023-04-14,5489 9988 7567 1533,2022-10-14 03:54:03,1968-04-12
33 01 438216,Эльдар,Нежованко,Алексович,2023-04-14,5213 2484 5346 1516,2022-10-14 03:54:03,1985-08-15
82 23 488150,Захар,Цыцонков,Владимирович,2023-04-14,5163 3157 4467 2282,2022-10-14 03:54:03,1972-04-30
95 07 704228,Федор,Худых,Яковлевич,2023-04-14,4272 2952 1151 9359,2022-10-14 05:42:03,1988-02-11
16 68 781880,Яромир,Пуженков,Стефанович,2023-04-14,4058 7066 1773 2248,2022-10-14 05:42:03,1963-06-01
38 34 265153,Владислав,Евецкий,Максимилианович,2023-04-14,5264 8387 8912 6185,2022-10-14 05:46:03,1969-10-19
38 61 710914,Николай,Гаманенко,Прохорович,2023-04-14,4627 3084 5237 8799,2022-10-14 05:49:03,1964-12-21
46 27 430963,Александр,Шафинский,Алексеевич,2023-04-14,5290 4781 6827 6661,2022-10-14 05:49:03,1993-04-10
22 10 431171,Давид,Бротский,Прохорович,2023-04-14,5254 7721 9828 5211,2022-10-14 06:17:03,1983-04-27
85 61 090897,Карим,Чинюк,Камильевич,2023-04-14,5489 9944 9306 6032,2022-10-14 06:34:03,1994-11-10
48 09 121651,Армен,Тяринов,Иванович,2023-04-14,4478 1722 4786 2826,2022-10-14 06:44:03,1975-04-29
38 97 054573,Сулейман,Акованов,Кузьмич,2023-04-14,4349 1406 8186 2401,2022-10-14 06:46:03,1975-10-16
34 22 960248,Даниэль,Сласнов,Кириллович,2023-04-14,4183 8473 2563 8885,2022-10-14 06:48:03,1992-08-03
10 85 353033,Руслан,Махкамов,Эмирханович,2023-04-14,5117 3837 8163 6807,2022-10-14 07:48:03,1981-08-22
54 80 547993,Никита,Мурысин,Станиславович,2023-04-14,4627 3006 8717 0877,2022-10-14 07:48:03,1969-08-15
69 46 239893,Эмирхан,Кулряшов,Антонович,2023-04-14,4908 5564 7112 0523,2022-10-14 07:49:03,2001-04-07
44 29 849504,Евгений,Просяновский,Даниилович,2023-04-14,4390 5679 9475 0238,2022-10-14 07:50:03,1975-05-16
71 31 260091,Феликс,Адайгельдин,Сергеевич,2023-04-14,4469 5527 8182 7635,2022-10-14 07:51:03,1983-04-02
24 78 326572,Гавриил,Брижниченко,Абдуллович,2023-04-14,4191 5215 3840 4522,2022-10-14 07:51:03,1969-06-10
18 23 370842,Арслан,Карцович,Камильевич,2023-04-14,5278 8317 7678 1264,2022-10-14 08:03:03,2000-11-27
00 78 482976,Мансур,Шкалетин,Самирович,2023-04-14,4565 1596 7272 4195,2022-10-14 08:04:04,1975-12-11
93 91 307147,Прохор,Мизирков,Амирович,2023-04-14,4478 1763 4825 1029,2022-10-14 08:18:03,1969-09-05
14 49 810178,Амин,Молодцыгин,Максимилианович,2023-04-14,4047 5784 5814 9442,2022-10-14 08:19:03,1983-10-11
58 03 512501,Саид,Майнагашев,Тимурович,2023-04-14,4478 1835 1815 4249,2022-10-14 08:21:03,1993-11-16
49 63 187703,Игнат,Корбашев,Анатолиевич,2023-04-14,5278 8335 0414 5234,2022-10-14 08:21:03,2000-04-15
55 19 383152,Родион,Спирюгов,Кузьмич,2023-04-14,5313 4453 5835 3538,2022-10-14 08:27:03,1964-02-15
98 15 879745,Клим,Треххлебный,Алексеевич,2023-04-14,4454 3524 0851 8239,2022-10-14 08:30:03,1973-01-02
58 08 503340,Антон,Печайко,Николаевич,2023-04-14,5337 3688 7171 1416,2022-10-14 08:30:03,1962-07-26
96 56 611703,Макар,Зундуев,Федорович,2023-04-14,5323 1599 8826 4019,2022-10-14 08:40:03,1990-04-10
79 27 051868,Усман,Джанишпаев,Эмилевич,2023-04-14,4469 5869 8859 3475,2022-10-14 08:41:03,1993-06-23
25 24 380499,Эмин,Чигибаев,Владиславович,2023-04-14,4191 5276 2235 6148,2022-10-14 08:42:03,1988-07-24
69 36 484457,Евгений,Гусовский,Всеволодович,2023-04-14,5235 2681 0575 3775,2022-10-14 08:42:03,1981-06-19
95 35 829347,Виктор,Золотницын,Антонович,2023-04-14,5406 1649 8887 1086,2022-10-14 08:43:03,1998-03-18
67 48 768729,Степан,Какорка,Вадимович,2023-04-14,5316 8745 0374 9869,2022-10-14 09:00:03,1963-10-22
81 22 725063,Демид,Подзерко,Романович,2023-04-14,4033 3017 0576 7528,2022-10-14 09:00:03,1978-01-30
20 73 332973,Серафим,Кострикин,Сергеевич,2023-04-14,5117 3824 4471 4688,2022-10-14 09:01:03,1967-03-15
72 75 715824,Владимир,Чупаков,Львович,2023-04-14,4033 3015 3371 1110,2022-10-14 09:09:03,1973-08-20
52 30 638028,Абубакр,Мировщиков,Мирославович,2023-04-14,5445 7317 2994 8184,2022-10-14 09:10:03,1979-02-20
25 09 513975,Максим,Сивокобыленко,Романович,2023-04-14,4377 7370 2544 9251,2022-10-14 09:11:03,1974-10-17
85 67 200718,Ильяс,Севенков,Ильясович,2023-04-14,5100 4759 6967 5984,2022-10-14 09:12:03,1964-04-30
63 72 731093,Вадим,Афуркеев,Максимович,2023-04-14,5313 4438 9148 2278,2022-10-14 09:12:03,1963-09-14
05 12 281769,Макар,Лапико,Алексеевич,2023-04-14,4478 1856 6556 7628,2022-10-14 10:39:03,1969-04-05
32 01 617852,Армен,Горбунов,Альбертович,2023-04-14,5235 2636 8584 0233,2022-10-14 10:46:03,1997-06-19
11 03 452712,Эмир,Камоненко,Русланович,2023-04-14,4627 2981 6052 6252,2022-10-14 10:47:03,1994-01-09
45 84 876504,Геннадий,Щербинкин,Владимирович,2023-04-14,4058 7034 1507 3172,2022-10-14 10:48:03,1958-02-15
08 10 410379,Адриан,Арешев,Тамерланович,2023-04-14,5313 4401 8856 7274,2022-10-14 10:48:03,1967-07-17
36 72 185787,Савелий,Ханалевич,Назарович,2023-04-14,5323 1552 4899 7018,2022-10-14 10:48:03,1972-09-28
30 30 166744,Тамерлан,Редкоречев,Каримович,2023-04-14,5235 2676 5010 8666,2022-10-14 10:49:03,1966-08-02
07 34 537485,Ратмир,Пенхаржевский,Серафимович,2023-04-14,5136 9193 7454 0539,2022-10-14 10:52:03,1962-10-26
48 38 165198,Эдуард,Хахулаев,Дамирович,2023-04-14,4104 6233 4838 0839,2022-10-14 11:40:03,1988-04-21
68 96 265810,Амин,Делеев,Адрианович,2023-04-14,5290 4735 6773 6894,2022-10-14 11:41:03,1994-07-02
31 89 467239,Владимир,Колбенков,Оскарович,2023-04-14,5278 8328 3317 8452,2022-10-14 11:41:03,1967-02-24
46 84 498905,Амин,Ласонен,Яковлевич,2023-04-14,4377 7336 8510 7651,2022-10-14 12:30:03,1984-09-06
82 06 868557,Адриан,Колинщук,Викторович,2023-04-14,5440 5865 7537 1849,2022-10-14 12:34:03,1997-06-08
55 62 958224,Арсений,Мондеев,Саввич,2023-04-14,5254 7718 1432 5062,2022-10-14 12:35:03,1970-02-06
64 76 120209,Руслан,Аккереев,Никитич,2023-04-14,4565 1526 6939 7273,2022-10-14 12:35:03,1982-04-08
46 48 896221,Анатолий,Сайгушкин,Гордеевич,2023-04-14,4390 5698 6563 9862,2022-10-14 12:35:03,1999-03-26
05 76 292054,Микаил,Роботенко,Мирославович,2023-04-14,5224 7084 3367 4816,2022-10-14 12:36:03,1981-05-20
06 62 001879,Арслан,Малярщиков,Рамзанович,2023-04-14,4627 3043 5589 4503,2022-10-14 12:39:03,1984-04-29
10 65 758649,Мирослав,Хамметвалеев,Оскарович,2023-04-14,4627 2994 3834 7240,2022-10-14 12:40:03,1984-07-10
02 52 826711,Имран,Мисесин,Рамильевич,2023-04-14,4438 8871 5124 5622,2022-10-14 12:43:03,1964-11-12
28 36 724753,Расул,Бурмаченко,Тамерланович,2023-04-14,5445 7313 5524 7356,2022-10-14 12:44:03,1958-04-09
81 19 139209,Исмаил,Льбедев,Умарович,2023-04-14,5100 4713 1667 2287,2022-10-14 12:44:03,1965-02-06
18 50 736203,Марк,Нотин,Семенович,2023-04-14,5100 4724 0903 4617,2022-10-14 12:44:03,1993-03-17
35 09 644500,Сулейман,Ляшинский,Гордеевич,2023-04-14,5545 6217 3013 9312,2022-10-14 12:45:03,1988-10-03
92 32 801346,Арслан,Жилицкий,Давидович,2023-04-14,5316 8727 4431 9179,2022-10-14 12:45:03,1961-05-03
68 91 254678,Геннадий,Парокинный,Георгиевич,2023-04-14,5278 8358 6754 6197,2022-10-14 13:15:03,1972-03-10
64 64 561401,Николай,Свербич,Исаевич,2023-04-14,4104 6258 6423 5149,2022-10-14 13:16:03,1980-07-17
35 88 537735,Иса,Стаднин,Семенович,2023-04-14,4276 4473 1464 3539,2022-10-14 13:18:03,1976-05-10
41 42 434508,Дамир,Доткаев,Кузьмич,2023-04-14,4841 5779 6420 5266,2022-10-14 13:18:03,1963-07-21
57 65 519878,Андрей,Паздгорский,Прохорович,2023-04-14,5163 3178 0355 9913,2022-10-14 14:05:03,1975-05-10
52 77 467162,Серафим,Юрненко,Мансурович,2023-04-14,5235 2626 3120 1656,2022-10-14 14:20:03,1976-07-11
15 97 866548,Ибрагим,Опаринов,Витальевич,2023-04-14,4908 5565 4176 8863,2022-10-14 14:37:03,1975-05-24
99 44 662423,Антон,Плахетко,Янович,2023-04-14,5100 8236 6824 3739,2022-10-14 14:38:03,1960-04-02
39 20 444695,Тихон,Джеппаров,Исламович,2023-04-14,5545 6234 8358 3423,2022-10-14 14:38:03,1992-10-08
48 34 082800,Эмирхан,Айриянц,Петрович,2023-04-14,4841 5789 5680 3621,2022-10-14 14:38:03,2000-02-09
21 57 483798,Родион,Трацинич,Игоревич,2023-04-14,4478 1803 5483 4850,2022-10-14 15:42:03,1995-08-03
21 46 094945,Платон,Ратер,Максимович,2023-04-14,5331 5758 7362 6808,2022-10-14 15:54:03,1994-01-29
90 95 417715,Даниэль,Пявка,Анатолиевич,2023-04-14,4047 5798 5289 5580,2022-10-14 15:54:03,1963-06-22
09 88 490215,Савелий,Хабланов,Акимович,2023-04-14,4276 4417 1811 3439,2022-10-14 15:55:03,1972-05-07
96 56 635545,Тимофей,Чукыров,Климович,2023-04-14,5445 7377 7012 1522,2022-10-14 15:56:03,1999-10-03
18 22 084455,Архип,Ронгонен,Тимофеевич,2023-04-14,5440 5849 3165 9247,2022-10-14 15:57:04,1995-09-27
89 10 271478,Расул,Посидкин,Родионович,2023-04-14,4627 3057 3662 1325,2022-10-14 15:58:03,1994-06-15
89 69 697364,Серафим,Арцыщук,Умарович,2023-04-14,4033 3072 9414 9135,2022-10-14 15:59:03,1965-12-01
26 94 139913,Айдар,Мымрин,Умарович,2023-04-14,5337 3608 9561 1110,2022-10-14 16:00:03,1964-08-08
87 53 837655,Владислав,Желяк,Феликсович,2023-04-14,4478 1823 7550 8554,2022-10-14 16:01:03,1962-09-21
28 72 905853,Владислав,Бримберг,Даниэлевич,2023-04-14,4276 4453 0573 9365,2022-10-14 16:04:03,2000-06-09
30 75 153058,Степан,Лосевской,Саввич,2023-04-14,4377 7394 5213 2749,2022-10-14 16:27:03,1959-07-16
45 66 947349,Валерий,Шатровский,Петрович,2023-04-14,5264 8378 6277 1487,2022-10-14 16:28:03,1995-06-28
20 22 476591,Святослав,Горошковский,Вадимович,2023-04-14,5163 3196 2616 1778,2022-10-14 17:01:03,1975-07-19
44 79 402608,Аркадий,Бодокин,Валериевич,2023-04-14,5136 9132 5860 3109,2022-10-14 17:01:03,1993-07-18
56 14 411310,Рамзан,Ижбилатов,Эмирханович,2023-04-14,4058 7038 6184 0082,2022-10-14 17:02:03,1974-12-24
76 67 895968,Камиль,Могильнер,Георгиевич,2023-04-14,5406 1604 8746 2245,2022-10-14 17:07:03,1968-09-26
78 30 713187,Виталий,Нитов,Сулейманович,2023-04-14,5163 3186 5535 8263,2022-10-14 17:08:03,1962-11-11
11 88 847810,Лев,Карналевский,Шамильевич,2023-04-14,5313 4404 1532 9928,2022-10-14 17:09:03,1999-02-04
95 16 709983,Марат,Жимченко,Витальевич,2023-04-14,5100 8259 0826 5828,2022-10-14 17:09:03,1998-01-27
49 81 477281,Эмиль,Грешняков,Альбертович,2023-04-14,5264 8384 2334 6272,2022-10-14 17:09:03,1963-07-04
93 50 249556,Ислам,Джелисбаев,Эдуардович,2023-04-14,4438 8849 7153 4541,2022-10-14 17:10:03,1981-11-10
46 50 820693,Арслан,Фаренюк,Назарович,2023-04-14,5100 8277 1286 0901,2022-10-14 17:10:03,1960-12-03
81 54 429198,Богдан,Нехайков,Кириллович,2023-04-14,5254 7775 6353 1834,2022-10-14 17:45:03,1996-04-11
24 28 531877,Федор,Жбенев,Булатович,2023-04-14,4047 5715 3718 6170,2022-10-14 17:51:03,1978-05-04
21 14 631641,Дамир,Черновец,Аркадиевич,2023-04-14,4627 3028 3182 5869,2022-10-14 17:52:03,1966-10-01
08 47 684081,Петр,Маметалиев,Эмирханович,2023-04-14,5136 9127 6471 2156,2022-10-14 17:53:03,1967-08-05
44 60 832946,Булат,Пещанский,Микаилович,2023-04-14,5235 2653 9326 6304,2022-10-14 17:54:03,1972-07-30
84 05 684908,Виталий,Керечанин,Рамзанович,2023-04-14,5117 3861 0865 6218,2022-10-14 17:54:03,1970-05-30
94 41 852803,Рамзан,Стягов,Федорович,2023-04-14,4341 4664 9595 4540,2022-10-14 17:55:03,1979-06-19
09 51 779362,Елисей,Буельский,Родионович,2023-04-14,4841 5760 7445 2990,2022-10-14 18:59:04,1964-07-24
75 09 485486,Антон,Фролагин,Сергеевич,2023-04-14,5406 1629 0531 5526,2022-10-14 18:59:04,1965-08-19
24 33 752227,Александр,Кохтачев,Серафимович,2023-04-14,4909 8632 3143 1383,2022-10-14 19:00:03,1989-06-07
73 43 179136,Ростислав,Носавин,Яромирович,2023-04-14,5406 1652 3190 8963,2022-10-14 19:00:03,2000-09-18
00 60 372496,Булат,Сягаиченко,Омарович,2023-04-14,5100 8222 4429 1840,2022-10-14 19:00:03,2000-01-11
74 09 550611,Владислав,Пиленко,Вячеславович,2023-04-14,4183 8428 1908 3714,2022-10-14 19:30:03,1995-01-17
95 30 429027,Артур,Кергетов,Саидович,2023-04-14,4033 3023 6817 9365,2022-10-14 19:31:03,1980-08-12
36 69 652561,Булат,Недзвицкий,Мирославович,2023-04-14,5163 3117 1406 1424,2022-10-14 19:32:03,1978-07-11
24 78 117857,Альберт,Говзовский,Левонович,2023-04-14,5100 8286 3461 3915,2022-10-14 19:32:03,1980-01-18
63 88 282056,Игорь,Качер,Львович,2023-04-14,4047 5731 6731 1193,2022-10-14 19:34:03,1995-09-03
91 41 561492,Ярослав,Садий,Рустамович,2023-04-14,4341 4678 2882 4905,2022-10-14 19:34:03,1960-09-17
64 38 119232,Виктор,Марьяшин,Рамильевич,2023-04-14,4033 3055 3938 2172,2022-10-14 19:34:03,2001-09-15
88 91 569908,Николай,Севинский,Ибрагимович,2023-04-14,4478 1751 4147 4754,2022-10-14 19:39:03,1981-09-03
82 29 990365,Феликс,Родзий,Усманович,2023-04-14,4377 7367 7785 3579,2022-10-14 19:40:04,1979-03-05
45 17 174462,Иса,Лосовский,Омарович,2023-04-14,4627 2984 9072 5368,2022-10-14 19:40:04,1959-10-06
70 74 812949,Адам,Цырель,Васильевич,2023-04-14,4390 5628 5125 7112,2022-10-14 21:11:03,1961-10-14
68 04 879287,Дмитрий,Румакин,Яковлевич,2023-04-14,5323 1554 0230 9612,2022-10-14 21:12:03,1958-10-07
45 08 735807,Федор,Тосенко,Егорович,2023-04-14,5290 4776 1767 4443,2022-10-14 21:13:03,1986-07-25
79 30 601953,Владислав,Гутов,Геннадиевич,2023-04-14,5235 2691 5825 8969,2022-10-14 21:13:03,1985-11-27
76 72 623190,Амир,Иманалиев,Олегович,2023-04-14,5264 8315 9534 3177,2022-10-14 21:45:03,1976-01-11
86 96 430769,Эмир,Тваровский,Владимирович,2023-04-14,4390 5635 8666 1073,2022-10-14 21:46:03,1999-07-22
45 54 022552,Умар,Колмандаев,Савельевич,2023-04-14,4033 3095 9180 3877,2022-10-14 21:47:03,1993-02-18
59 67 805071,Яромир,Загирняк,Семенович,2023-04-14,4058 7023 3914 1172,2022-10-14 21:47:03,1991-06-27
76 95 600227,Артем,Емашов,Назарович,2023-04-14,5136 9129 5232 4723,2022-10-14 21:47:03,1976-12-01
82 56 734627,Ибрагим,Делоковский,Матвеевич,2023-04-14,5136 9135 8121 3949,2022-10-14 21:50:03,1986-12-08
44 55 771293,Карим,Пихтилев,Степанович,2023-04-14,5406 1621 6270 4834,2022-10-14 23:18:03,1987-11-11
15 98 525687,Демид,Здерчук,Ратмирович,2023-04-14,5254 7781 9050 3154,2022-10-14 23:18:03,1994-04-10
82 49 913318,Эдуард,Савотин,Семенович,2023-04-14,5254 7754 5475 0844,2022-10-14 23:18:03,1994-02-21
83 20 448365,Рослав,Доможилов,Демидович,2023-04-14,4909 8665 7191 2839,2022-10-14 23:22:03,1986-11-24
75 50 619332,Исмаил,Татаренков,Русланович,2023-04-14,4183 8463 4038 1877,2022-10-14 23:22:03,1990-11-27
60 14 783696,Карим,Гряный,Ефимович,2023-04-14,5489 9958 2443 6141,2022-10-14 23:22:03,1983-08-23
01 74 540605,Андрей,Салуневич,Павлович,2023-04-14,5235 2642 7264 6850,2022-10-14 23:24:03,1985-11-17
55 40 476800,Савва,Григоряк,Османович,2023-04-14,4438 8879 9772 5498,2022-10-14 23:25:03,1973-07-01
76 65 326373,Игорь,Тениника,Викторович,2023-04-14,5213 2417 5078 8608,2022-10-14 23:25:03,1961-04-06
10 51 077352,Омар,Симонькин,Усманович,2023-04-14,4104 6221 6267 2677,2022-10-14 23:27:03,1965-10-22
01 24 113477,Иса,Залямутдинов,Степанович,2023-04-14,5331 5798 4284 7248,2022-10-14 23:31:03,2001-04-12
27 43 070536,Тимур,Мужицкий,Данилович,2023-04-14,5278 8384 0337 8273,2022-10-14 23:33:03,1958-07-24
47 77 591885,Максимилиан,Вершок,Даниэлевич,2023-04-14,4454 3547 7761 5521,2022-10-14 23:33:03,1972-04-19
74 03 424451,Вячеслав,Нисамбаев,Саввич,2023-04-14,4565 1545 1538 8357,2022-10-14 23:34:03,1961-09-26
15 59 413649,Рамиль,Михренин,Яковлевич,2023-04-15,4469 5856 5776 1363,2022-10-15 00:39:03,2001-09-22
17 11 594649,Расул,Бурев,Григориевич,2023-04-15,5264 8384 9837 5198,2022-10-15 00:40:03,1992-03-02
61 68 621898,Александр,Мымриков,Федорович,2023-04-15,5440 5833 1844 6095,2022-10-15 00:40:03,1980-05-04
66 92 644659,Эдуард,Гардер,Ахмедович,2023-04-15,4058 7097 2958 1255,2022-10-15 00:43:03,1962-12-23
92 62 266104,Эмин,Гайтуллин,Вячеславович,2023-04-15,5440 5863 1678 4722,2022-10-15 00:43:03,1994-11-16
25 83 686292,Даниэль,Кунаренко,Лукич,2023-04-15,5136 9148 8884 4642,2022-10-15 00:45:03,1958-04-28
11 59 230438,Глеб,Гомбоев,Эмирович,2023-04-15,5313 4413 2786 0489,2022-10-15 00:47:03,1961-04-02
28 96 274437,Марк,Непрозванный,Демидович,2023-04-15,5440 5846 2230 5431,2022-10-15 00:47:03,1994-03-06
62 50 533031,Добрыня,Бекоев,Альбертович,2023-04-15,4478 1877 6468 8149,2022-10-15 00:47:03,1988-05-09
47 20 338223,Осман,Ванчицкий,Айдарович,2023-04-15,5213 2415 7169 5958,2022-10-15 00:48:03,1966-12-05
45 35 156438,Богдан,Апочанский,Альбертович,2023-04-15,4406 6657 8253 9540,2022-10-15 01:34:03,1999-03-07
94 95 366587,Демид,Заголовцев,Федорович,2023-04-15,4627 3053 1736 7132,2022-10-15 01:34:03,1991-02-22
96 10 059517,Никита,Номберг,Маратович,2023-04-15,4909 8697 1769 7942,2022-10-15 01:38:03,1988-12-15
49 86 271948,Максим,Хабанов,Эрикович,2023-04-15,6766 3629 5705 6448,2022-10-15 01:40:03,1974-05-19
43 28 704243,Ратмир,Анчупов,Абдуллович,2023-04-15,5163 3191 8825 9580,2022-10-15 01:40:03,1999-01-17
08 63 453846,Кирилл,Скуратов,Максимилианович,2023-04-15,4627 2977 6871 2645,2022-10-15 01:41:03,1965-05-26
14 71 735907,Андрей,Стецурин,Тимофеевич,2023-04-15,4191 5235 3443 8769,2022-10-15 01:41:03,1962-05-06
75 76 675914,Герман,Кабанбаев,Ильясович,2023-04-15,5213 2487 0821 3134,2022-10-15 01:48:03,1991-05-24
13 96 751447,Амир,Колькеев,Арменович,2023-04-15,4469 5800 4578 6909,2022-10-15 01:49:03,1999-08-24
82 96 423373,Демид,Бугачев,Денисович,2023-04-15,5254 7714 2534 0245,2022-10-15 01:52:03,1999-01-17
36 61 254917,Ислам,Урзяев,Саввич,2023-04-15,4349 1412 5181 1349,2022-10-15 02:44:03,1997-06-13
38 95 579591,Георгий,Удаев,Рустамович,2023-04-15,4909 8618 4424 8269,2022-10-15 02:45:03,1987-02-07
12 95 364669,Глеб,Печилин,Добрынич,2023-04-15,4478 1717 5548 7182,2022-10-15 03:40:03,1989-09-29
31 05 885051,Кирилл,Полуляшный,Эмирович,2023-04-15,5337 3641 5510 1903,2022-10-15 03:44:03,1978-06-12
57 06 936192,Елисей,Чихаев,Тимофеевич,2023-04-15,4478 1793 8243 5078,2022-10-15 03:44:03,1997-03-06
45 52 878154,Абдулла,Нурнаев,Усманович,2023-04-15,6766 3648 8559 2445,2022-10-15 03:44:03,1997-01-10
34 05 571858,Иса,Кривоболоцкий,Маратович,2023-04-15,5163 3179 0687 7873,2022-10-15 04:21:03,1990-10-27
93 47 375059,Сулейман,Надров,Исмаилович,2023-04-15,5313 4474 1583 9525,2022-10-15 04:22:03,1982-08-01
94 63 750153,Магомед,Разынов,Мирославович,2023-04-15,4033 3044 7854 6152,2022-10-15 04:22:03,1968-11-22
89 38 230566,Яков,Афуксенов,Расулович,2023-04-15,4390 5631 7128 0677,2022-10-15 04:25:03,1988-02-01
28 86 894222,Аркадий,Минизьянов,Семенович,2023-04-15,4454 3544 7220 5719,2022-10-15 04:26:03,1984-05-13
73 53 528751,Аким,Бартеев,Микаилович,2023-04-15,4341 4654 3148 2699,2022-10-15 04:26:03,1973-12-28
32 55 444789,Антон,Карначев,Амирович,2023-04-15,5136 9124 8396 8162,2022-10-15 04:27:03,1973-02-15
65 30 266950,Ярослав,Крутнин,Станиславович,2023-04-15,5331 5741 4436 5866,2022-10-15 04:27:03,1969-07-15
62 25 898896,Лука,Лушаев,Рустамович,2023-04-15,4908 5526 1135 1623,2022-10-15 04:29:03,1985-12-01
65 31 386043,Артур,Човновский,Мансурович,2023-04-15,4478 1758 1484 5264,2022-10-15 04:36:03,1990-06-03
62 65 181758,Эльдар,Цайлер,Эмилевич,2023-04-15,4390 5654 2623 6065,2022-10-15 04:36:03,1976-06-14
76 67 730521,Петр,Лугодин,Айдарович,2023-04-15,4469 5567 0743 9722,2022-10-15 05:05:03,1997-11-27
70 82 152023,Алексей,Породовский,Саидович,2023-04-15,5331 5751 4764 2185,2022-10-15 05:12:03,1966-10-10
57 68 046960,Родион,Пятинко,Давидович,2023-04-15,4627 3043 8841 8759,2022-10-15 05:12:03,1981-12-23
95 45 750281,Ярослав,Слагин,Аланович,2023-04-15,5136 9166 9996 7751,2022-10-15 06:24:03,1975-07-28
68 20 155003,Рустам,Тараилов,Теодорович,2023-04-15,4104 6210 8544 5765,2022-10-15 06:24:03,1999-04-03
27 06 141647,Кирилл,Видецких,Магомедович,2023-04-15,5100 4766 0876 2621,2022-10-15 06:46:03,1963-04-26
33 97 717993,Геннадий,Балашкин,Имранович,2023-04-15,4377 7303 4042 5817,2022-10-15 06:46:03,1987-10-27
87 60 658449,Макар,Мадаменко,Яковлевич,2023-04-15,5117 3831 6945 0417,2022-10-15 07:10:03,2000-11-04
42 45 024622,Иван,Чукадрин,Юрьевич,2023-04-15,5257 4415 5820 4645,2022-10-15 07:10:03,1958-09-17
02 90 243481,Сулейман,Кавказов,Расулович,2023-04-15,4469 5500 7421 1210,2022-10-15 07:11:03,1995-07-06
19 57 715554,Тимур,Мархасев,Теодорович,2023-04-15,5100 8290 5197 1638,2022-10-15 07:33:03,1967-12-10
53 36 278630,Захар,Муморцев,Тимурович,2023-04-15,4033 3000 3566 4132,2022-10-15 07:33:03,1963-05-22
70 74 734832,Семен,Заблуцкий,Савельевич,2023-04-15,4565 1550 9543 0469,2022-10-15 07:37:03,1987-02-26
33 69 930990,Серафим,Ерохов,Вадимович,2023-04-15,4033 3036 1436 7523,2022-10-15 07:44:03,1983-11-30
78 76 980645,Рамзан,Дзусенко,Микаилович,2023-04-15,4454 3577 6913 8741,2022-10-15 07:44:03,2001-05-19
17 16 979226,Оскар,Токписов,Данилович,2023-04-15,4272 2942 7847 5001,2022-10-15 08:11:03,1993-04-18
72 54 345042,Всеволод,Куктин,Прохорович,2023-04-15,5163 3118 6787 5653,2022-10-15 08:11:03,1971-10-28
79 03 560891,Армен,Журилов,Степанович,2023-04-15,4349 1419 0124 7845,2022-10-15 08:12:03,1966-01-13
94 83 991897,Амин,Дульзинов,Климович,2023-04-15,4276 8362 3489 9298,2022-10-15 08:12:03,1984-12-01
28 51 099806,Гордей,Вохренцов,Левонович,2023-04-15,5337 3677 6195 4334,2022-10-15 08:14:03,1971-12-23
37 26 039538,Кузьма,Федынский,Тамерланович,2023-04-15,4058 7053 7727 2585,2022-10-15 08:16:03,1961-03-23
31 17 159207,Ратмир,Машталенко,Назарович,2023-04-15,5489 9917 7658 6827,2022-10-15 08:21:03,1979-05-14
86 70 040889,Дмитрий,Гурляев,Серафимович,2023-04-15,5445 7335 6494 3841,2022-10-15 08:30:03,1959-05-06
97 89 810877,Альберт,Печальной,Елисеевич,2023-04-15,4909 8630 8970 1887,2022-10-15 09:19:03,1992-08-27
41 44 569775,Никита,Августинов,Захарович,2023-04-15,5440 5840 4918 5440,2022-10-15 09:19:03,1987-04-26
77 85 547345,Серафим,Лещанский,Платонович,2023-04-15,5100 8241 2742 4654,2022-10-15 09:26:03,1967-01-11
36 66 178227,Рустам,Светроржецкий,Рафаэлевич,2023-04-15,4478 1816 3958 2884,2022-10-15 09:35:03,1991-05-04
66 36 486817,Егор,Носильников,Исаевич,2023-04-15,5489 9984 1791 6420,2022-10-15 09:37:03,1963-12-24
06 80 323873,Николай,Ваапов,Семенович,2023-04-15,4191 5286 6768 7165,2022-10-15 09:37:03,1980-06-06
88 28 466629,Адам,Усиевич,Геннадиевич,2023-04-15,4104 6271 6171 6631,2022-10-15 09:47:03,1966-11-13
75 23 167764,Гавриил,Бадийгин,Викторович,2023-04-15,4276 4483 0572 4213,2022-10-15 10:16:03,1996-03-08
53 47 912799,Назар,Нечанов,Гавриилович,2023-04-15,4272 2912 3438 1844,2022-10-15 10:24:03,1961-04-04
99 77 308907,Феликс,Баисков,Борисович,2023-04-15,4058 7062 4308 0145,2022-10-15 10:26:03,1999-11-12
48 34 437134,Айдар,Блумин,Стефанович,2023-04-15,4565 1507 7054 5103,2022-10-15 10:35:03,1962-07-03
52 07 466923,Филипп,Бурхантаев,Семенович,2023-04-15,5406 1678 4210 2424,2022-10-15 10:38:03,1988-11-22
49 19 545131,Адам,Роленков,Денисович,2023-04-15,5313 4429 3868 7998,2022-10-15 10:40:04,1990-07-15
94 83 371092,Платон,Хампелин,Ахмедович,2023-04-15,5337 3679 1903 1142,2022-10-15 10:41:03,1990-06-23
95 48 883945,Адриан,Оревков,Геннадиевич,2023-04-15,5117 3838 5718 5770,2022-10-15 10:43:03,1960-01-15
34 91 675567,Макар,Израилитин,Аланович,2023-04-15,5489 9949 1315 5472,2022-10-15 10:43:03,1989-08-24
80 46 312280,Сергей,Недосенов,Романович,2023-04-15,4909 8659 3541 7360,2022-10-15 10:47:03,1978-11-13
52 09 823167,Савва,Бороздов,Евгеньевич,2023-04-15,4909 8615 2437 2678,2022-10-15 10:48:03,1964-10-11
97 98 003675,Герман,Деканов,Маратович,2023-04-15,5316 8786 2102 1168,2022-10-15 10:49:03,1980-05-14
46 11 831918,Микаэль,Бахчиев,Николаевич,2023-04-15,4341 4620 3104 5224,2022-10-15 10:49:03,1964-11-23
62 57 426725,Ахмед,Горских,Витальевич,2023-04-15,5100 4725 4706 3197,2022-10-15 10:50:03,1958-01-27
13 07 633571,Артур,Козолупенко,Захарович,2023-04-15,4272 2985 4842 2008,2022-10-15 11:36:03,1996-12-26
29 20 943800,Леонид,Затурян,Антонович,2023-04-15,5213 2495 2732 2114,2022-10-15 11:36:03,1992-04-26
48 24 868361,Ратмир,Могугов,Айдарович,2023-04-15,5445 7394 5716 0625,2022-10-15 11:57:03,1984-03-19
02 83 774834,Демьян,Обносов,Алиевич,2023-04-15,4469 5574 3432 3452,2022-10-15 11:58:03,1991-11-15
35 78 378685,Руслан,Кискоров,Арсениевич,2023-04-15,5136 9153 0421 9632,2022-10-15 12:43:03,1988-09-09
11 05 038338,Назар,Жижечкин,Геннадиевич,2023-04-15,4908 5581 9207 5739,2022-10-15 12:43:03,1963-05-01
32 19 791517,Амин,Джакашпаев,Петрович,2023-04-15,4276 4431 7974 0866,2022-10-15 12:44:03,1971-10-18
64 81 847666,Алекс,Компенгаузен,Рославович,2023-04-15,4191 5299 6670 1814,2022-10-15 12:44:03,1958-01-14
11 03 941829,Серафим,Борачников,Эрикович,2023-04-15,4191 5235 4867 3252,2022-10-15 12:45:03,1961-06-28
26 16 331368,Петр,Шаблатов,Германович,2023-04-15,4627 3033 3494 8372,2022-10-15 12:46:03,1958-09-15
95 12 898393,Леонид,Цеханчук,Робертович,2023-04-15,5445 7365 4283 2424,2022-10-15 12:46:03,1985-03-09
03 12 680750,Шамиль,Сапунников,Лукич,2023-04-15,4469 5541 6467 7207,2022-10-15 12:46:03,1976-12-20
90 85 976292,Булат,Могданов,Витальевич,2023-04-15,5257 4416 0827 1156,2022-10-15 12:47:03,1978-11-30
53 09 822960,Усман,Юрлагин,Георгиевич,2023-04-15,5440 5840 7015 4562,2022-10-15 12:47:03,1979-06-22
11 51 347804,Феликс,Жукаев,Исмаилович,2023-04-15,4047 5708 7861 8205,2022-10-15 12:47:03,1967-09-06
02 37 308401,Ростислав,Мошкарев,Исламович,2023-04-15,5100 8291 5761 4918,2022-10-15 13:07:03,1974-03-16
73 32 958585,Тигран,Пршедпельский,Вячеславович,2023-04-15,5254 7771 7674 4782,2022-10-15 13:07:03,1967-02-07
71 31 747496,Виктор,Фортусов,Ахмедович,2023-04-15,4349 1427 4172 2989,2022-10-15 13:10:03,1993-11-04
61 68 096224,Данила,Соломников,Антонович,2023-04-15,4627 3055 3661 7697,2022-10-15 13:11:03,1958-04-14
76 10 503944,Ислам,Чернев,Аланович,2023-04-15,4390 5604 7436 5940,2022-10-15 13:11:03,1974-04-15
80 45 158779,Ислам,Здражевский,Ростиславович,2023-04-15,5440 5856 0411 8791,2022-10-15 14:24:03,1998-08-13
92 77 086659,Серафим,Камкин,Львович,2023-04-15,5278 8324 2855 2145,2022-10-15 14:24:03,1957-12-04
32 93 624925,Артемий,Наханьков,Рославович,2023-04-15,5264 8345 7620 1364,2022-10-15 14:24:03,1992-08-11
68 41 321269,Адриан,Постийчук,Асланович,2023-04-15,5290 4723 3595 3773,2022-10-15 14:26:03,1963-04-14
76 90 365716,Эльдар,Семенидов,Рославович,2023-04-15,4438 8834 8385 8851,2022-10-15 15:03:03,1967-03-12
52 59 015955,Дмитрий,Спиценко,Дмитриевич,2023-04-15,4908 5516 7862 3528,2022-10-15 15:03:03,1989-07-29
60 16 991103,Матвей,Туловчиков,Давидович,2023-04-15,4377 7362 4685 5817,2022-10-15 15:03:03,1990-09-21
14 31 567128,Демьян,Калюшков,Васильевич,2023-04-15,5136 9163 7842 0932,2022-10-15 15:07:03,1983-08-04
26 60 999582,Эдуард,Гореславец,Акимович,2023-04-15,5545 6241 1757 0158,2022-10-15 15:08:03,1989-11-03
13 08 292367,Роберт,Декин,Сулейманович,2023-04-15,4908 5522 0340 7726,2022-10-15 15:08:03,1977-10-25
24 65 705840,Виталий,Слорунов,Егорович,2023-04-15,5224 7038 3144 0639,2022-10-15 15:08:03,1968-03-14
62 64 221146,Игнат,Пуськов,Федорович,2023-04-15,5100 4760 0448 2550,2022-10-15 15:09:03,1973-02-10
99 14 399919,Герман,Прашкер,Адрианович,2023-04-15,5545 6281 0589 0130,2022-10-15 15:09:03,1973-12-21
82 74 368066,Борис,Ланенкин,Вадимович,2023-04-15,4406 6619 5242 2872,2022-10-15 15:09:03,1998-03-24
60 25 988877,Имран,Валифатьев,Ахмедович,2023-04-15,5313 4420 4013 6009,2022-10-15 15:10:03,1998-02-21
53 93 716966,Петр,Раппанен,Арсениевич,2023-04-15,4469 5558 2983 1972,2022-10-15 15:11:04,1963-08-18
67 70 518412,Георгий,Кукуречкин,Аркадиевич,2023-04-15,5100 4701 8341 0201,2022-10-15 15:11:04,1998-01-01
34 10 156923,Рафаэль,Нюканен,Усманович,2023-04-15,4033 3097 8524 8319,2022-10-15 15:12:03,1974-04-24
01 41 536653,Армен,Мартешкин,Серафимович,2023-04-15,5323 1561 9125 9588,2022-10-15 15:12:03,1992-02-23
86 02 319161,Егор,Обелов,Артурович,2023-04-15,4478 1816 6405 2654,2022-10-15 17:35:03,1996-05-07
50 57 599412,Эмир,Веревин,Саидович,2023-04-15,5445 7354 9877 5835,2022-10-15 17:36:03,1979-07-01
16 31 890063,Степан,Ведмедюк,Геннадиевич,2023-04-15,4908 5503 7661 5455,2022-10-15 17:37:03,1998-03-14
38 23 004554,Максимилиан,Свидин,Викторович,2023-04-15,5264 8371 1452 8545,2022-10-15 17:37:03,1966-09-23
35 81 441956,Савва,Мужинский,Владиславович,2023-04-15,4047 5724 6573 4981,2022-10-15 17:38:03,1975-08-16
96 48 829271,Самир,Байталов,Григориевич,2023-04-15,5440 5848 8682 5413,2022-10-15 17:38:03,2000-04-29
22 76 940016,Всеволод,Подокопний,Адамович,2023-04-15,5213 2443 4317 9830,2022-10-15 17:42:04,1979-04-18
63 59 064588,Леон,Кудаяров,Адрианович,2023-04-15,4627 3068 6482 6959,2022-10-15 17:44:03,1990-06-03
06 61 444385,Клим,Крячкин,Рамильевич,2023-04-15,5489 9982 7215 4182,2022-10-15 17:44:03,1976-09-15
26 98 659728,Герман,Крпуничев,Расулович,2023-04-15,4191 5235 1766 7863,2022-10-15 18:02:03,1960-04-22
97 11 081598,Лев,Папикян,Сулейманович,2023-04-15,5224 7081 2066 4138,2022-10-15 18:02:03,1976-07-14
45 79 496095,Давид,Моктанов,Рамильевич,2023-04-15,4033 3012 5233 6818,2022-10-15 18:10:03,1990-05-03
74 01 365415,Олег,Кайгородов,Аланович,2023-04-15,5445 7305 5575 6042,2022-10-15 18:14:03,1967-01-14
32 59 410099,Расул,Самарянов,Адрианович,2023-04-15,5117 3838 8621 6794,2022-10-15 18:14:03,2000-04-22
63 41 356909,Адриан,Раскалиев,Михаилович,2023-04-15,5100 4750 4546 1565,2022-10-15 18:16:03,1972-04-26
65 66 863087,Максимилиан,Базайкин,Геннадиевич,2023-04-15,5489 9908 5659 1137,2022-10-15 19:03:03,1969-10-19
00 90 816362,Тихон,Биляров,Семенович,2023-04-15,4909 8603 3847 2278,2022-10-15 19:04:04,1986-05-22
14 95 471115,Артур,Гундаков,Евгеньевич,2023-04-15,5100 4739 7299 2959,2022-10-15 19:04:04,1964-05-08
92 54 621341,Артемий,Клевинский,Германович,2023-04-15,5313 4412 1269 7707,2022-10-15 19:04:04,1993-08-27
71 88 350781,Николай,Кулиничук,Имранович,2023-04-15,5100 8213 6811 6882,2022-10-15 19:05:04,1989-01-15
56 70 492227,Эльдар,Кетолайнен,Серафимович,2023-04-15,5257 4485 4389 0214,2022-10-15 19:05:04,1997-08-24
95 73 281443,Виталий,Выкиданец,Рустамович,2023-04-15,5545 6226 7288 4287,2022-10-15 19:06:03,1994-10-29
45 44 711098,Арсений,Бигановский,Петрович,2023-04-15,4058 7021 6968 8664,2022-10-15 19:14:03,1995-05-25
57 37 791611,Семен,Суховаров,Саидович,2023-04-15,5117 3884 6762 5560,2022-10-15 19:14:03,1978-12-26
13 65 855787,Игорь,Табинский,Даниэлевич,2023-04-15,5331 5783 5194 2440,2022-10-15 19:15:03,1981-07-24
43 09 315110,Всеволод,Деревянитский,Расулович,2023-04-15,4565 1553 6249 5286,2022-10-15 19:15:03,1979-02-26
52 91 578314,Михаил,Бурбанов,Вадимович,2023-04-15,5290 4732 7410 3131,2022-10-15 19:16:03,2001-08-04
05 83 753386,Яков,Тропихин,Владиславович,2023-04-15,5545 6238 7640 6554,2022-10-15 19:16:03,1972-05-06
61 21 989943,Никита,Придаткевич,Амирович,2023-04-15,5331 5778 1367 7792,2022-10-15 19:22:03,1994-07-28
97 00 214632,Всеволод,Жапабаев,Имранович,2023-04-15,4276 8387 5736 9386,2022-10-15 19:23:03,1970-01-01
28 03 622910,Али,Покшеванов,Дмитриевич,2023-04-15,4059 9276 6115 8549,2022-10-15 19:23:03,1964-10-12
09 31 653204,Захар,Тырнаков,Рамильевич,2023-04-15,4478 1892 3175 8612,2022-10-15 20:13:03,1967-08-08
94 10 063853,Эмин,Сурвачев,Евгеньевич,2023-04-15,4478 1872 8663 4522,2022-10-15 20:22:03,1964-09-12
91 44 469278,Борис,Коломбайцев,Акимович,2023-04-15,4478 1722 1135 7035,2022-10-15 20:30:03,1986-10-16
77 03 088176,Родион,Биссаров,Умарович,2023-04-15,4565 1507 2132 6454,2022-10-15 21:41:03,1985-04-30
45 19 486392,Алексей,Пролазов,Анатолиевич,2023-04-15,5331 5756 7511 4177,2022-10-15 21:43:03,1967-08-09
70 52 593814,Василий,Баровой,Викторович,2023-04-15,4276 4428 7943 0042,2022-10-15 21:43:03,1983-01-15
79 71 249987,Аслан,Марданшин,Османович,2023-04-15,4438 8834 9135 1477,2022-10-15 21:44:03,1999-11-21
16 21 456274,Эмир,Бебин,Климович,2023-04-15,5278 8370 9301 8371,2022-10-15 21:44:03,1958-07-21
41 81 643192,Тихон,Баклушин,Эмирович,2023-04-15,4478 1855 0821 0139,2022-10-15 21:44:03,1992-07-28
55 36 659344,Родион,Смусьев,Игоревич,2023-04-15,4478 1760 4887 2892,2022-10-15 22:33:03,1959-07-01
89 02 178326,Эмир,Сынчук,Ахмедович,2023-04-15,5224 7065 7728 5217,2022-10-15 22:33:03,1984-07-02
22 59 886307,Валерий,Сагачеев,Абубакрович,2023-04-15,5545 6234 0210 9466,2022-10-15 22:35:03,1973-05-11
71 21 324890,Эдуард,Магилев,Георгиевич,2023-04-15,4047 5763 1369 5161,2022-10-15 22:43:03,1990-08-31
60 85 305735,Армен,Корыневский,Оскарович,2023-04-15,4565 1569 9706 7953,2022-10-15 22:43:03,1958-11-22
70 11 725347,Платон,Клецель,Максимович,2023-04-15,5331 5713 4408 6268,2022-10-15 22:45:03,1958-11-13
59 74 706705,Александр,Загадерчук,Вячеславович,2023-04-15,6766 3695 6655 8847,2022-10-15 22:46:03,1964-02-03
16 96 864890,Андрей,Бозюров,Глебович,2023-04-15,5489 9987 3581 4117,2022-10-15 22:49:03,1979-08-07
99 63 933735,Георгий,Айсарахунов,Аланович,2023-04-15,4276 8373 2829 6383,2022-10-15 22:49:03,1974-03-01
03 20 283533,Максим,Мукиенко,Каримович,2023-04-15,4276 8341 1087 6134,2022-10-15 22:50:03,1980-03-21
55 36 671043,Ильяс,Бадуров,Абдуллович,2023-04-15,5257 4454 4118 4096,2022-10-15 22:50:03,1994-11-14
69 77 588928,Абдулла,Мацычко,Даниэлевич,2023-04-15,5313 4476 8637 6751,2022-10-15 22:52:04,1980-01-14
88 63 626983,Станислав,Ярогов,Владимирович,2023-04-15,4341 4635 2387 2596,2022-10-15 22:53:04,2001-05-16
46 27 124008,Виталий,Вельгин,Рустамович,2023-04-15,5100 4730 7051 2386,2022-10-15 22:53:04,2000-11-13
49 67 627271,Абубакр,Сутеков,Ильич,2023-04-15,5264 8318 1338 5935,2022-10-15 22:54:03,1958-03-06
91 67 107440,Игнат,Жердкин,Геннадиевич,2023-04-15,4276 4490 1937 1242,2022-10-15 22:54:03,1986-06-27
30 10 193126,Ростислав,Тамуркин,Теодорович,2023-04-15,5278 8342 3716 0136,2022-10-15 23:17:03,1975-10-13
70 60 500856,Иван,Дегтярец,Матвеевич,2023-04-15,4276 4428 7176 8076,2022-10-15 23:34:03,1971-10-09
68 58 185369,Карим,Зевенков,Архипович,2023-04-15,5254 7762 5563 4278,2022-10-15 23:35:03,1968-03-14
70 73 407979,Роман,Ильиницкий,Айдарович,2023-04-15,4841 5777 1493 5436,2022-10-15 23:35:03,1999-03-27
34 83 158329,Григорий,Дахушиной,Дамирович,2023-04-16,5117 3897 4679 0761,2022-10-16 00:30:03,1968-12-18
14 34 879901,Мирон,Вермов,Оскарович,2023-04-16,5213 2447 9854 6491,2022-10-16 00:30:03,1975-10-01
22 05 428930,Станислав,Сасовский,Борисович,2023-04-16,4033 3013 5146 6425,2022-10-16 00:30:03,1993-08-04
55 66 452103,Марк,Таровых,Ярославович,2023-04-16,5489 9960 5317 8370,2022-10-16 00:41:03,1988-09-01
99 57 627361,Эрик,Фелинский,Лукич,2023-04-14,5224 7070 4693 8295,2022-10-16 01:00:03,1974-05-08
27 56 159719,Валерий,Скуланов,Робертович,2023-04-16,4438 8871 3649 6001,2022-10-16 01:04:03,1963-06-24
63 07 947731,Осман,Кацишевский,Юрьевич,2023-04-16,4478 1781 9111 7026,2022-10-16 01:06:03,1984-07-04
00 88 458743,Ратмир,Батусев,Алексович,2023-04-16,4438 8846 8568 8641,2022-10-16 01:06:03,2001-01-31
89 20 625866,Тамерлан,Малахайчук,Платонович,2023-04-16,4191 5299 4884 1241,2022-10-16 01:06:03,1983-11-28
52 85 707374,Богдан,Садовничий,Маратович,2023-04-16,5254 7725 3695 5434,2022-10-16 01:07:03,1997-01-21
85 41 711480,Кузьма,Акусок,Федорович,2023-04-16,5254 7763 4016 3671,2022-10-16 01:07:03,1993-10-22
67 34 708335,Клим,Ламзин,Кириллович,2023-04-16,4276 8395 4895 7885,2022-10-16 01:08:04,1970-08-26
80 55 274504,Захар,Тараменко,Акимович,2023-04-16,4627 3070 4074 6442,2022-10-16 01:09:03,1964-04-18
48 54 267709,Сулейман,Лобадинович,Тамерланович,2023-04-16,5489 9971 3818 8186,2022-10-16 01:09:03,1983-07-05
08 81 101766,Амин,Транин,Павлович,2023-04-16,4058 7075 0886 1419,2022-10-16 01:09:03,1981-05-20
59 82 340744,Глеб,Слынявый,Геннадиевич,2023-04-16,5545 6248 7333 8584,2022-10-16 01:10:03,1976-12-23
05 53 643564,Юсуф,Радеев,Микаэлевич,2023-04-16,5213 2457 4723 6274,2022-10-16 01:10:03,1962-01-04
79 16 375162,Абубакр,Городилкин,Аланович,2023-04-16,4191 5250 3025 3592,2022-10-16 01:12:03,1996-01-23
68 78 584119,Саид,Кувалин,Семенович,2023-04-16,4058 7002 4212 8963,2022-10-16 01:14:03,1993-12-28
45 93 414347,Валерий,Татанов,Станиславович,2023-04-16,4454 3526 4181 3918,2022-10-16 03:08:03,1997-10-31
71 47 225720,Ефим,Придачук,Даниэлевич,2023-04-16,4454 3558 4015 0115,2022-10-16 03:08:03,1998-04-26
70 99 363517,Теодор,Кадемский,Ильясович,2023-04-16,4627 2975 6753 8605,2022-10-16 03:09:03,1975-08-22
23 31 341398,Рослав,Способин,Степанович,2023-04-16,5100 8282 3130 0627,2022-10-16 03:10:04,1980-02-07
46 69 644096,Ярослав,Азеев,Маркович,2023-04-16,5100 4701 5726 2257,2022-10-16 03:14:03,1997-11-23
09 33 192425,Марк,Секетин,Павлович,2023-04-16,4478 1769 6273 2015,2022-10-16 03:14:03,1966-09-03
09 06 870538,Иван,Петрашко,Рафаэлевич,2023-04-16,4438 8823 0836 1471,2022-10-16 03:16:03,1972-02-10
82 94 267622,Мансур,Чапинский,Эмирович,2023-04-16,4909 8671 6511 2125,2022-10-16 03:16:03,1957-11-11
60 72 818187,Гордей,Синиок,Амирович,2023-04-16,5100 4764 4608 8320,2022-10-16 03:18:03,1965-12-19
14 09 658282,Лев,Гилимзанов,Артемьевич,2023-04-16,4438 8897 1458 0073,2022-10-16 03:18:03,1972-07-08
80 50 617691,Григорий,Мазоненко,Теодорович,2023-04-16,5235 2642 7150 5248,2022-10-16 03:18:03,1961-03-10
03 90 127376,Демид,Генадий,Абдуллович,2023-04-16,4272 2922 2494 8824,2022-10-16 04:33:03,1997-06-13
88 31 898966,Сергей,Дябринский,Рафаэлевич,2023-04-16,5278 8384 7663 3323,2022-10-16 04:33:03,1960-09-27
47 29 907485,Армен,Кундухов,Арменович,2023-04-16,5316 8741 5419 8168,2022-10-16 05:11:03,1993-02-18
53 07 909748,Демьян,Жиздринский,Романович,2023-04-16,5313 4480 8147 5248,2022-10-16 05:11:03,2000-06-25
26 72 125303,Ильяс,Ильчиев,Денисович,2023-04-16,5257 4442 0148 0489,2022-10-16 05:12:03,1985-06-02
64 13 337682,Осман,Замен,Антонович,2023-04-16,4469 5857 8461 2232,2022-10-16 05:12:03,1979-12-25
58 50 838307,Кирилл,Каммеруель,Гавриилович,2023-04-16,4272 2915 5828 4541,2022-10-16 05:12:03,1970-06-08
38 12 253090,Эмирхан,Тароев,Артемьевич,2023-04-16,6766 3669 5524 6612,2022-10-16 05:13:03,1976-08-19
06 25 946840,Амин,Лещинцев,Арсланович,2023-04-16,5254 7716 8316 8205,2022-10-16 05:17:03,1975-09-23
94 98 237997,Тигран,Осташов,Юсуфович,2023-04-16,5406 1688 4550 3451,2022-10-16 05:18:03,1983-12-11
19 48 495535,Омар,Дручков,Яромирович,2023-04-16,4276 8355 0770 4037,2022-10-16 05:19:03,1962-03-27
54 54 833500,Артур,Бастраков,Валериевич,2023-04-16,4058 7015 3248 5626,2022-10-16 05:19:03,1990-06-19
61 54 442399,Артур,Гремыкин,Магомедович,2023-04-16,4272 2956 9139 0347,2022-10-16 05:21:03,1962-08-26
95 75 459388,Руслан,Долоткозин,Романович,2023-04-16,5316 8747 0487 8863,2022-10-16 05:41:03,1996-06-03
32 95 569333,Айдар,Кардель,Назарович,2023-04-16,4841 5750 6179 6138,2022-10-16 05:41:03,1970-07-02
26 62 034896,Арсен,Панчугин,Русланович,2023-04-16,5100 8233 5367 0618,2022-10-16 05:42:03,1978-11-17
35 16 575847,Дмитрий,Муховиков,Альбертович,2023-04-16,4276 8307 0231 3155,2022-10-16 05:43:03,1968-12-12
10 94 207903,Мансур,Сысоенко,Демидович,2023-04-16,4058 7064 8368 5272,2022-10-16 05:44:04,1963-09-16
54 20 904799,Булат,Сурнаев,Климович,2023-04-16,4349 1488 7448 3844,2022-10-16 05:44:04,1996-02-02
09 78 566482,Лев,Филер,Рамзанович,2023-04-16,4349 1471 6424 6820,2022-10-16 05:45:03,1964-10-29
48 28 763697,Ильяс,Стеньков,Артемович,2023-04-16,5323 1548 6138 2533,2022-10-16 05:47:03,1976-02-05
91 66 581806,Эмиль,Чембулатов,Альбертович,2023-04-16,5440 5876 4696 3762,2022-10-16 05:48:03,1996-02-18
38 26 809760,Добрыня,Заплаткин,Климович,2023-04-16,5264 8340 1956 5870,2022-10-16 05:48:03,1959-07-05
28 72 835451,Гордей,Сербеин,Яковлевич,2023-04-16,5254 7737 7284 7160,2022-10-16 05:57:03,1999-02-18
50 55 371569,Петр,Долгейко,Исаевич,2023-04-16,6766 3600 0618 6497,2022-10-16 05:58:03,1997-04-27
42 09 938269,Марк,Дзяткевич,Вадимович,2023-04-16,5545 6261 2707 4238,2022-10-16 05:58:03,1975-12-19
29 97 001189,Тихон,Сайланов,Камильевич,2023-04-16,4341 4645 3858 4531,2022-10-16 06:00:04,1962-06-09
57 46 121511,Демид,Саакьян,Михаилович,2023-04-16,4183 8406 4292 7818,2022-10-16 06:00:04,1996-06-15
43 09 750636,Всеволод,Базарбеков,Дмитриевич,2023-04-16,5489 9974 8003 7338,2022-10-16 06:03:03,1959-11-11
24 68 413063,Станислав,Тахонин,Феликсович,2023-04-16,4390 5699 5178 5892,2022-10-16 06:03:03,1994-05-13
77 72 318557,Юрий,Рафаловский,Антонович,2023-04-16,4478 1726 5551 2475,2022-10-16 06:04:03,1999-10-27
29 41 104323,Максим,Ашкадеров,Ахмедович,2023-04-16,4104 6291 4717 7466,2022-10-16 08:20:03,1958-11-11
97 63 283703,Клим,Каблуков,Добрынич,2023-04-16,4191 5244 2226 8219,2022-10-16 08:20:03,2001-03-11
90 99 112327,Савва,Рыляев,Игнатович,2023-04-16,4047 5795 1166 3882,2022-10-16 08:22:03,1966-09-11
34 62 648882,Юсуф,Штейнгаузен,Микаэлевич,2023-04-16,4033 3086 3338 6883,2022-10-16 08:22:03,1964-09-05
78 86 212957,Павел,Квиточка,Даниэлевич,2023-04-16,4349 1421 0520 7536,2022-10-16 08:30:04,1996-06-17
13 91 954597,Владислав,Нетребич,Георгиевич,2023-04-16,5337 3608 5468 4835,2022-10-16 08:38:04,1978-06-29
54 36 214943,Виталий,Голядзе,Святославович,2023-04-16,5257 4484 1163 3332,2022-10-16 08:55:03,1968-03-30
08 81 545430,Аслан,Охватов,Адрианович,2023-04-16,5235 2682 2185 8185,2022-10-16 08:55:03,1973-07-25
58 46 667055,Ефим,Сыско,Архипович,2023-04-16,5257 4468 5513 9238,2022-10-16 08:56:03,1975-08-06
81 44 971427,Альберт,Момотюк,Анатолиевич,2023-04-16,5489 9961 1861 2041,2022-10-16 08:58:03,1973-09-17
17 05 885741,Вадим,Петрышин,Рафаэлевич,2023-04-16,4909 8626 9788 2642,2022-10-16 09:21:03,1959-11-06
35 25 550095,Владимир,Пильщиков,Амирович,2023-04-16,4390 5643 7271 2757,2022-10-16 09:22:03,1964-02-13
64 59 166401,Алексей,Омарков,Филиппович,2023-04-16,5224 7051 6026 4373,2022-10-16 09:29:04,1990-01-15
95 54 202544,Герман,Шенетвенко,Аминович,2023-04-16,4272 2927 7637 6689,2022-10-16 09:35:03,1990-12-12
94 42 161921,Ильяс,Рычковский,Ахмедович,2023-04-16,4406 6632 3274 2822,2022-10-16 09:35:03,1988-06-08
98 09 777484,Амин,Штейцкий,Камильевич,2023-04-16,4469 5552 8560 7726,2022-10-16 09:36:03,1984-11-17
95 19 976562,Артур,Уугримов,Семенович,2023-04-16,5100 8208 9734 1458,2022-10-16 09:36:03,1984-09-07
79 80 388947,Алан,Акимкулов,Яковлевич,2023-04-16,5545 6212 0342 4639,2022-10-16 10:42:03,2000-06-28
72 12 548164,Максим,Бушменев,Георгиевич,2023-04-16,6766 3615 0772 2517,2022-10-16 10:44:03,1996-10-07
42 15 012303,Армен,Бахманов,Мирославович,2023-04-16,5235 2647 7658 4201,2022-10-16 10:45:03,1991-05-02
30 27 142009,Александр,Багалий,Маркович,2023-04-16,4478 1807 3142 0639,2022-10-16 10:45:03,1958-11-07
00 87 749569,Давид,Неминский,Святославович,2023-04-16,5440 5816 3488 0468,2022-10-16 11:47:03,1994-11-09
65 47 660502,Артем,Сиванич,Расулович,2023-04-16,5117 3884 4338 1080,2022-10-16 11:48:03,2000-07-18
39 39 342097,Всеволод,Севрюк,Рамильевич,2023-04-16,4058 7022 4465 7817,2022-10-16 11:48:03,1957-12-17
13 40 338820,Мирон,Пихурец,Алексеевич,2023-04-16,4454 3544 2584 4150,2022-10-16 11:49:03,1991-06-17
32 02 838823,Самир,Супротивный,Эмирханович,2023-04-16,4469 5821 7233 1343,2022-10-16 11:51:03,1997-07-22
60 43 753558,Захар,Добровяк,Аминович,2023-04-16,5489 9948 7527 6175,2022-10-16 11:51:03,1964-09-26
46 22 106321,Амин,Спекторов,Русланович,2023-04-16,4478 1746 6353 5126,2022-10-16 11:52:03,1973-01-28
78 19 439229,Магомед,Местковский,Исаевич,2023-04-16,5254 7752 2665 4522,2022-10-16 11:55:03,1960-08-22
59 67 572030,Алексей,Кердиваренко,Германович,2023-04-16,5254 7762 2933 0615,2022-10-16 11:55:03,1960-10-11
89 82 029353,Арсений,Розпутняк,Платонович,2023-04-16,4841 5772 7785 1251,2022-10-16 11:55:03,1991-04-17
68 87 535680,Аркадий,Голеньков,Ратмирович,2023-04-16,5136 9108 1912 8824,2022-10-16 11:56:03,1970-12-15
04 62 537345,Савелий,Вертаев,Владиславович,2023-04-16,4276 8326 6581 3148,2022-10-16 12:30:03,1997-06-22
63 91 888112,Умар,Фудин,Гавриилович,2023-04-16,4478 1884 8632 3437,2022-10-16 12:30:03,1996-05-23
41 62 302878,Арсений,Сиденкий,Тихонович,2023-04-16,4469 5583 9233 4515,2022-10-16 12:30:03,1959-07-24
82 81 732451,Юсуф,Столюк,Демидович,2023-04-16,5213 2485 0371 8667,2022-10-16 12:41:03,2000-02-10
54 89 017219,Рустам,Заклицкий,Леонидович,2023-04-16,4438 8851 4159 1451,2022-10-16 12:43:04,1958-03-15
39 34 279629,Серафим,Красновский,Айдарович,2023-04-16,4047 5732 8658 0645,2022-10-16 12:44:03,1998-03-06
75 05 593638,Тамерлан,Менеев,Глебович,2023-04-16,5545 6232 6286 4804,2022-10-16 12:46:03,1969-10-13
69 65 900763,Кирилл,Изральевич,Эльдарович,2023-04-16,5117 3842 1525 2146,2022-10-16 12:47:03,1969-10-18
70 40 045531,Расул,Тиренко,Максимилианович,2023-04-16,4276 8353 4413 7573,2022-10-16 12:47:03,1962-04-10
17 15 583989,Назар,Гнесюк,Саввич,2023-04-16,4341 4651 2602 6926,2022-10-16 12:57:03,1994-08-30
05 33 813924,Рослав,Белоснежко,Михаилович,2023-04-16,4377 7335 4565 4264,2022-10-16 13:00:03,1967-10-27
14 53 134473,Адам,Сухаев,Адрианович,2023-04-16,5224 7058 4164 1221,2022-10-16 13:00:03,1969-01-23
15 94 004840,Эмир,Свеженцев,Матвеевич,2023-04-16,5264 8355 1826 8148,2022-10-16 14:15:03,1988-12-01
07 85 642660,Рустам,Луговыцкий,Викторович,2023-04-16,4276 8386 2255 6134,2022-10-16 14:15:03,1961-08-14
40 28 817919,Оскар,Петчанин,Всеволодович,2023-04-16,6766 3639 4280 5360,2022-10-16 14:16:03,1987-07-09
67 56 788325,Али,Давидов,Алиевич,2023-04-16,5235 2639 2137 6554,2022-10-16 14:16:03,1974-11-19
24 77 552233,Саид,Плакушев,Евгеньевич,2023-04-16,4058 7038 4345 5306,2022-10-16 14:17:03,1958-07-29
43 24 236793,Василий,Прилинский,Егорович,2023-04-16,4454 3529 3171 6086,2022-10-16 14:17:03,1989-04-27
16 87 111197,Эльдар,Курначев,Романович,2023-04-16,5445 7303 9723 7524,2022-10-16 14:20:03,1959-09-03
30 19 777729,Давид,Залоев,Савельевич,2023-04-16,5213 2448 4527 9427,2022-10-16 14:21:03,1960-12-06
10 47 513789,Прохор,Носовенок,Демьянович,2023-04-16,4469 5879 6643 4773,2022-10-16 14:33:03,1986-10-04
61 17 967168,Петр,Квантен,Станиславович,2023-04-16,5136 9132 7561 3818,2022-10-16 14:34:03,1974-09-21
93 25 016415,Рамиль,Аберов,Георгиевич,2023-04-16,6766 3684 6335 8137,2022-10-16 14:34:03,1958-02-15
86 91 644069,Георгий,Лавитский,Демьянович,2023-04-16,4565 1541 7422 4265,2022-10-16 14:34:03,1998-12-24
41 71 064230,Имран,Товтойнович,Рафаэлевич,2023-04-16,4908 5544 4533 2035,2022-10-16 14:36:03,1983-11-05
94 37 821590,Рамиль,Кишечко,Эмирханович,2023-04-16,5136 9138 0543 5922,2022-10-16 15:19:03,1975-06-11
09 75 009703,Мирослав,Балабановский,Ярославович,2023-04-16,4059 9248 5468 6436,2022-10-16 15:24:03,1972-09-28
79 63 137911,Магомед,Терашкевич,Петрович,2023-04-16,5489 9950 5341 7697,2022-10-16 16:03:03,1986-09-22
19 65 057444,Тихон,Колинтиенков,Ильясович,2023-04-16,5406 1651 3870 6734,2022-10-16 16:04:03,1963-11-20
41 04 775056,Тигран,Бинецкий,Маратович,2023-04-16,4059 9261 1204 4449,2022-10-16 16:04:03,1962-03-16
12 34 494226,Савва,Назьмов,Викторович,2023-04-16,5331 5786 7768 1219,2022-10-16 16:05:03,1976-09-12
86 27 861743,Артемий,Хомыченко,Игнатович,2023-04-16,5323 1530 4811 0734,2022-10-16 16:06:03,1982-11-12
93 46 773239,Родион,Московцов,Андреевич,2023-04-16,4033 3051 4416 8446,2022-10-16 16:09:03,1987-06-23
78 76 189125,Эмин,Мырсаев,Эминович,2023-04-16,5290 4762 3134 0308,2022-10-16 16:09:03,1992-08-10
04 44 364336,Кирилл,Потрапелюк,Тамерланович,2023-04-16,5100 8293 6633 2062,2022-10-16 16:22:03,1973-02-03
01 76 065276,Станислав,Скучинский,Германович,2023-04-16,5224 7045 3566 4938,2022-10-16 16:35:03,2001-04-19
72 83 254575,Теодор,Гильдов,Евгеньевич,2023-04-16,4438 8852 5468 8516,2022-10-16 17:13:03,1979-11-04
32 77 001928,Ильяс,Загайкевич,Османович,2023-04-16,5445 7361 3018 7132,2022-10-16 17:15:03,1990-06-02
76 80 071714,Назар,Сименко,Климович,2023-04-16,5331 5765 8464 2647,2022-10-16 17:15:03,1990-01-30
88 08 433647,Умар,Гиниев,Викторович,2023-04-16,5290 4763 2518 4224,2022-10-16 17:20:03,1970-05-09
45 00 245515,Рафаэль,Курбанцев,Андреевич,2023-04-16,5117 3883 2387 9211,2022-10-16 17:20:03,1987-02-22
88 67 636858,Геннадий,Моргонюк,Аминович,2023-04-16,4438 8835 5466 1531,2022-10-16 17:20:03,1982-12-28
52 21 684213,Ростислав,Жовин,Добрынич,2023-04-16,5213 2457 8243 8066,2022-10-16 17:22:03,1981-03-20
95 93 449441,Григорий,Месников,Расулович,2023-04-16,5213 2443 6667 7454,2022-10-16 17:27:04,1986-05-04
10 42 529653,Платон,Санджукаев,Тигранович,2023-04-16,4627 2954 0870 3842,2022-10-16 17:28:03,1986-10-01
05 27 842676,Ростислав,Апкалимов,Ростиславович,2023-04-16,4390 5672 6826 1706,2022-10-16 17:28:03,1989-11-02
14 89 413201,Роман,Яуров,Умарович,2023-04-16,4627 2936 4402 1772,2022-10-16 17:28:03,1992-04-03
53 02 072441,Имран,Франтевский,Андреевич,2023-04-16,5264 8356 0430 3122,2022-10-16 18:30:03,1961-03-03
81 35 561932,Адам,Беленков,Тихонович,2023-04-16,4627 2914 3528 1662,2022-10-16 18:36:04,1984-12-12
25 11 985752,Максимилиан,Ахвердинов,Владимирович,2023-04-16,5235 2645 6252 1136,2022-10-16 18:39:03,1963-11-05
66 71 955323,Алекс,Ушняков,Сулейманович,2023-04-16,5163 3140 6111 0216,2022-10-16 18:39:03,1973-07-03
77 00 684543,Осман,Кудринский,Арменович,2023-04-16,5406 1684 7397 5773,2022-10-16 19:03:04,1968-01-05
04 88 339305,Ахмед,Аксамбаев,Микаэлевич,2023-04-16,5316 8789 4322 0423,2022-10-16 19:03:04,1988-02-14
65 74 312853,Дмитрий,Жимлиханов,Оскарович,2023-04-16,4565 1585 8858 4818,2022-10-16 19:04:03,1970-02-03
03 38 397980,Максим,Бражеников,Арсениевич,2023-04-16,4627 2989 2902 3385,2022-10-16 19:07:03,1996-09-12
57 12 785577,Ратмир,Шеканов,Максимилианович,2023-04-16,5440 5862 0018 5168,2022-10-16 19:49:03,1973-03-04
39 26 856086,Марк,Санкибаев,Алиевич,2023-04-16,4047 5703 9035 0915,2022-10-16 19:49:03,1992-06-29
41 53 795154,Всеволод,Армейский,Прохорович,2023-04-16,5445 7335 2135 1179,2022-10-16 19:50:03,1997-01-01
05 27 795303,Платон,Арусланов,Каримович,2023-04-16,4469 5580 4943 0583,2022-10-16 19:54:03,1981-11-04
47 56 247256,Али,Харевский,Эрикович,2023-04-16,4191 5298 1789 8892,2022-10-16 19:54:03,1961-03-12
63 73 515542,Мирон,Ивашкеев,Рустамович,2023-04-16,4565 1577 3435 7160,2022-10-16 19:55:03,1967-08-25
19 03 071771,Эрик,Гороховиков,Станиславович,2023-04-16,5545 6237 8738 4361,2022-10-16 20:12:03,1969-03-02
59 13 003135,Назар,Грифьев,Богданович,2023-04-16,4478 1812 3789 2396,2022-10-16 20:13:03,1997-08-18
60 86 436446,Тигран,Васиндин,Юрьевич,2023-04-16,4909 8618 1938 6706,2022-10-16 20:13:03,1987-02-24
73 45 054642,Усман,Збуцкий,Эдуардович,2023-04-16,5445 7350 6825 2678,2022-10-16 20:14:03,2001-06-08
86 10 250629,Адриан,Татаркин,Арсениевич,2023-04-16,5257 4489 8300 1645,2022-10-16 20:14:03,1986-01-20
27 67 408365,Кирилл,Анкипов,Семенович,2023-04-16,4469 5528 5664 1051,2022-10-16 20:15:04,1983-10-22
07 58 803265,Эльдар,Голымбевский,Васильевич,2023-04-16,4478 1844 6833 3858,2022-10-16 20:15:04,1994-11-15
81 53 182444,Илья,Куринев,Сергеевич,2023-04-16,5323 1542 5368 4645,2022-10-16 20:21:03,1972-09-22
52 54 930716,Иван,Крысаченко,Дмитриевич,2023-04-16,5440 5836 8344 6365,2022-10-16 22:09:03,1961-03-24
76 29 247364,Тимур,Возгарьков,Гавриилович,2023-04-16,4191 5211 8566 0434,2022-10-16 22:10:03,1991-01-24
75 29 239927,Клим,Метцкер,Егорович,2023-04-16,4058 7087 4162 9860,2022-10-16 22:10:03,1972-02-01
47 26 181287,Эмин,Тайчин,Владимирович,2023-04-16,5406 1684 4454 6695,2022-10-16 22:33:03,1990-03-04
90 11 921678,Матвей,Цыбовский,Эдуардович,2023-04-16,4104 6246 0183 1534,2022-10-16 23:06:03,1983-12-20
77 04 084701,Рустам,Ликштейн,Исламович,2023-04-16,5213 2473 8714 9379,2022-10-16 23:06:03,1969-08-19
42 48 911352,Самир,Немец,Абдуллович,2023-04-16,5406 1612 1468 6478,2022-10-16 23:09:03,1995-05-03
86 42 577415,Камиль,Пенязевич,Давидович,2023-04-16,4058 7047 4066 1285,2022-10-16 23:14:03,1966-05-20
02 83 486511,Анатолий,Емчин,Егорович,2023-04-16,4058 7062 3722 6266,2022-10-16 23:24:03,1997-05-13
99 94 544791,Добрыня,Кукьянидзе,Левонович,2023-04-16,4276 8323 2375 6259,2022-10-16 23:24:03,1992-10-03
93 25 088951,Артемий,Ветчшин,Яковлевич,2023-04-16,4377 7361 1424 0845,2022-10-16 23:26:03,1973-09-18
47 11 626990,Яромир,Торконяк,Ибрагимович,2023-04-16,5406 1675 1581 4685,2022-10-16 23:26:03,1988-02-27
33 86 411098,Филипп,Гапюшкин,Оскарович,2023-04-16,4349 1429 4288 3333,2022-10-16 23:39:03,1994-11-19
22 67 699381,Альберт,Беласканов,Каримович,2023-04-16,5445 7300 1677 6688,2022-10-16 23:39:03,1962-02-20
13 02 747569,Лука,Прокопчук,Владиславович,2023-04-16,4406 6665 4683 8327,2022-10-16 23:40:03,1974-07-25
42 28 264861,Тихон,Красногородский,Адрианович,2023-04-16,4033 3085 4396 8127,2022-10-16 23:40:03,1970-07-20
59 69 329725,Егор,Нуриджанян,Рамзанович,2023-04-16,5545 6236 4465 6217,2022-10-16 23:41:03,1989-06-08
40 16 193701,Булат,Зиннатуллов,Аминович,2023-04-16,4908 5510 8454 6131,2022-10-16 23:43:03,1981-10-12
69 52 484909,Вячеслав,Зецеров,Константинович,2023-04-12,5136 9178 7516 1045,2022-10-17 00:26:03,1962-12-16
17 01 108045,Рамиль,Боликов,Робертович,2023-04-17,4454 3555 5122 5858,2022-10-17 00:28:03,1969-11-01
18 99 144894,Семен,Дровосеков,Эрикович,2023-04-17,4438 8845 3575 9881,2022-10-17 00:59:03,1989-04-16
41 96 711766,Иса,Леусов,Станиславович,2023-04-17,4059 9276 2227 8782,2022-10-17 01:04:03,1976-04-19
43 68 098021,Осман,Дядянин,Алиевич,2023-04-17,5264 8354 1672 6361,2022-10-17 01:04:03,1994-03-21
10 59 833557,Тамерлан,Кандырев,Русланович,2023-04-17,5100 8251 5768 3614,2022-10-17 01:05:04,1990-07-28
78 97 855466,Яков,Луцешин,Константинович,2023-04-17,4377 7321 2153 3686,2022-10-17 01:05:04,1993-10-02
16 81 241508,Аким,Руденок,Тимурович,2023-04-17,6766 3657 7379 3573,2022-10-17 01:31:03,1978-04-17
13 04 808661,Ярослав,Свеженинов,Русланович,2023-04-17,5163 3105 8101 4334,2022-10-17 01:32:03,1980-09-24
15 42 265956,Сулейман,Генадов,Кириллович,2023-04-17,4454 3573 1967 3866,2022-10-17 01:34:03,1992-09-17
31 56 584428,Максимилиан,Латика,Микаилович,2023-04-17,4341 4636 5368 6840,2022-10-17 01:54:03,1999-04-10
14 84 062805,Дамир,Жанбинов,Ярославович,2023-04-17,5224 7008 1813 0258,2022-10-17 01:54:03,1973-03-03
87 99 092590,Филипп,Беристич,Арсенович,2023-04-17,6766 3614 6235 9735,2022-10-17 01:54:03,1995-04-17
85 27 795990,Алан,Майданевич,Архипович,2023-04-17,4908 5515 3896 7800,2022-10-17 01:55:03,2001-08-14
23 57 737843,Алекс,Молчаненко,Исмаилович,2023-04-17,4454 3517 2828 4431,2022-10-17 01:55:03,1963-08-01
84 25 253394,Егор,Бжестовский,Давидович,2023-04-17,5224 7044 2876 0819,2022-10-17 01:55:03,1964-10-25
71 54 349352,Алексей,Тенянов,Елисеевич,2023-04-17,5100 8259 0981 9557,2022-10-17 01:58:03,1995-05-07
23 95 099017,Антон,Бондпренко,Максимилианович,2023-04-17,5235 2670 3622 9319,2022-10-17 01:58:03,1975-03-16
44 12 460467,Леон,Костоманов,Анатолиевич,2023-04-17,5290 4717 8283 1227,2022-10-17 03:20:03,1964-01-25
32 46 943197,Петр,Агунович,Ростиславович,2023-04-17,5313 4425 2657 7403,2022-10-17 03:29:03,1984-10-31
61 59 862903,Альберт,Карькин,Кириллович,2023-04-17,4478 1813 5989 8767,2022-10-17 03:34:03,1975-02-06
33 32 332817,Микаэль,Мелинчук,Миронович,2023-04-17,5264 8378 3732 4156,2022-10-17 03:34:03,1963-05-12
89 56 505453,Прохор,Чернокустов,Арменович,2023-04-17,4454 3584 1826 5414,2022-10-17 03:35:03,1995-12-05
31 22 112939,Рамзан,Прописнов,Ибрагимович,2023-04-17,4183 8438 0539 8173,2022-10-17 03:36:03,1973-08-26
46 69 600707,Ярослав,Уханский,Арсенович,2023-04-17,4438 8842 2443 4440,2022-10-17 03:36:03,1998-11-12
56 63 890687,Оскар,Подалков,Феликсович,2023-04-17,5224 7027 0910 3444,2022-10-17 03:37:03,1975-12-10
03 08 991090,Игорь,Мамырбаев,Арсланович,2023-04-17,5136 9104 2511 1164,2022-10-17 03:38:03,1981-04-23
97 53 500654,Эрик,Складенко,Алексеевич,2023-04-17,4478 1822 7314 2480,2022-10-17 03:41:03,1977-07-17
76 17 634542,Усман,Апалин,Айдарович,2023-04-17,4341 4687 8210 6081,2022-10-17 03:41:03,1998-01-18
14 15 114869,Леонид,Трубенюк,Артурович,2023-04-17,4469 5524 5124 5217,2022-10-17 03:42:03,1979-06-01
79 99 778752,Сергей,Гинилтуллин,Юрьевич,2023-04-17,5489 9965 6114 4054,2022-10-17 03:42:03,1969-07-16
32 26 793673,Армен,Тарзаев,Мансурович,2023-04-17,5278 8382 9145 9052,2022-10-17 03:42:03,1978-12-11
13 88 549888,Андрей,Таленский,Русланович,2023-04-17,4183 8410 1173 4082,2022-10-17 03:43:03,1984-12-27
88 22 146006,Арсений,Удосовской,Акимович,2023-04-17,5316 8768 1211 6326,2022-10-17 05:03:03,1965-05-28
72 09 318418,Усман,Кондорский,Оскарович,2023-04-17,4058 7015 8904 8384,2022-10-17 05:03:03,1963-09-16
31 26 039385,Святослав,Косогорцев,Микаэлевич,2023-04-17,4191 5295 7115 6131,2022-10-17 05:04:03,1988-10-27
68 83 063687,Петр,Брамбалов,Геннадиевич,2023-04-17,4104 6208 3203 6661,2022-10-17 05:04:03,2000-03-27
18 66 082635,Лука,Брендер,Вадимович,2023-04-17,4478 1852 7511 6667,2022-10-17 05:05:03,1995-01-07
28 95 291331,Эмирхан,Окушевич,Назарович,2023-04-17,4033 3005 3686 8976,2022-10-17 05:42:03,1993-03-15
41 34 680647,Микаил,Биркенфельд,Русланович,2023-04-17,4478 1857 1308 3131,2022-10-17 06:10:03,1960-06-17
61 33 687456,Иван,Кретицкий,Артемьевич,2023-04-17,4627 3083 3255 9337,2022-10-17 06:10:03,1978-05-04
19 24 607429,Иса,Зольванов,Григориевич,2023-04-17,4191 5253 6374 9455,2022-10-17 06:12:03,2000-12-11
91 56 656873,Ярослав,Маталаев,Усманович,2023-04-17,4059 9288 6286 2749,2022-10-17 06:12:03,1965-02-14
88 74 846000,Адам,Афанасевич,Теодорович,2023-04-17,5445 7341 4772 3924,2022-10-17 06:22:03,1977-05-28
38 54 372403,Юсуф,Коломаскин,Османович,2023-04-17,5163 3117 5636 8216,2022-10-17 06:22:03,1959-12-30
83 94 146059,Эмин,Посметухин,Мансурович,2023-04-17,4047 5795 8415 3936,2022-10-17 06:28:03,1989-12-30
46 25 820345,Елисей,Корытовский,Алиевич,2023-04-17,5264 8326 8345 5832,2022-10-17 07:06:03,1966-07-25
02 29 391246,Вадим,Загебин,Усманович,2023-04-17,5440 5874 6980 7229,2022-10-17 07:06:03,1988-04-18
85 76 597490,Серафим,Шанаренко,Германович,2023-04-17,4191 5202 8316 3606,2022-10-17 07:28:03,1961-01-08
87 53 127337,Эдуард,Шингаров,Булатович,2023-04-17,4627 2927 2664 1762,2022-10-17 07:29:03,1962-04-06
43 69 239728,Захар,Тильников,Даниилович,2023-04-17,4565 1535 1484 0244,2022-10-17 07:29:03,1979-03-27
25 30 978742,Денис,Пшонковский,Витальевич,2023-04-17,4183 8494 6175 6125,2022-10-17 07:30:03,1960-06-17
30 09 004967,Родион,Никольчев,Кузьмич,2023-04-17,4183 8417 8007 7259,2022-10-17 07:31:03,1980-09-25
62 01 476179,Арсений,Коллеев,Назарович,2023-04-17,4377 7311 8817 4715,2022-10-17 07:31:03,1962-11-26
39 43 561683,Филипп,Прапоршиков,Аминович,2023-04-17,5489 9931 1528 5640,2022-10-17 07:31:03,1979-10-11
83 22 875168,Рамиль,Хлебнов,Робертович,2023-04-17,6766 3688 4837 3496,2022-10-17 07:47:03,1966-09-10
41 52 637841,Эдуард,Дышин,Матвеевич,2023-04-17,5213 2441 0219 4764,2022-10-17 07:49:03,1988-01-05
31 65 288382,Марат,Ловейкович,Микаэлевич,2023-04-17,5264 8373 8249 2283,2022-10-17 07:51:03,1962-09-22
41 77 163637,Данил,Калимуллов,Имранович,2023-04-17,5406 1617 5640 6426,2022-10-17 07:51:03,2001-07-30
59 02 319447,Герман,Лайнен,Миронович,2023-04-17,5337 3661 3621 4770,2022-10-17 07:52:03,1997-05-01
91 92 743958,Артемий,Поторчин,Феликсович,2023-04-17,6766 3625 5221 7627,2022-10-17 07:53:03,1979-11-09
08 07 234812,Арсений,Джупий,Даниэлевич,2023-04-17,5545 6214 4882 2837,2022-10-17 07:53:03,1962-01-29
20 55 438112,Булат,Тархнишвили,Валериевич,2023-04-17,4438 8876 6813 4426,2022-10-17 07:58:03,1998-07-09
49 21 127266,Кузьма,Хуснияров,Архипович,2023-04-17,4349 1444 8553 3853,2022-10-17 08:02:03,1959-03-23
77 43 832390,Карим,Повздерин,Серафимович,2023-04-17,4059 9218 4390 1595,2022-10-17 08:04:03,1991-12-23
79 01 073802,Яков,Кудрихин,Добрынич,2023-04-17,4478 1864 1775 3706,2022-10-17 08:07:03,1997-07-25
92 93 028217,Антон,Постолюк,Левонович,2023-04-17,4033 3017 6265 6275,2022-10-17 08:09:03,1990-03-02
93 20 958119,Виталий,Сейкимбаев,Саввич,2023-04-17,5163 3141 7731 8133,2022-10-17 09:32:03,1990-09-28
00 68 598034,Марат,Шеткин,Юрьевич,2023-04-17,4349 1448 9971 4107,2022-10-17 09:33:03,1994-04-09
77 42 606591,Константин,Собашко,Алексеевич,2023-04-17,4454 3565 2578 4855,2022-10-17 09:33:03,1958-05-11
11 23 284462,Абдулла,Крапин,Рамзанович,2023-04-17,4047 5775 0503 6040,2022-10-17 09:33:03,1974-05-04
84 05 114663,Эмиль,Явгялович,Ахмедович,2023-04-17,5337 3692 3462 7638,2022-10-17 09:34:03,1987-09-04
90 90 522252,Родион,Варвянский,Лукич,2023-04-17,5163 3184 5212 1096,2022-10-17 09:35:03,1975-05-02
06 91 995283,Максимилиан,Монаховский,Маркович,2023-04-17,4341 4623 8863 4315,2022-10-17 09:35:03,1963-11-02
80 74 320084,Левон,Громыков,Евгеньевич,2023-04-17,4909 8674 1567 2712,2022-10-17 10:05:03,1959-08-27
55 79 956972,Руслан,Демшевский,Васильевич,2023-04-17,4058 7022 4658 3433,2022-10-17 10:15:04,1973-03-27
35 90 901456,Карим,Анданченко,Даниилович,2023-04-17,5117 3821 1054 6349,2022-10-17 10:33:03,1961-10-04
49 90 173122,Аркадий,Голдырев,Петрович,2023-04-17,4104 6277 3985 1787,2022-10-17 10:33:03,1960-10-05
29 78 306139,Андрей,Набожняк,Ахмедович,2023-04-17,4276 8303 3726 1555,2022-10-17 10:33:03,1989-10-11
71 79 950759,Юсуф,Загитдулин,Каримович,2023-04-17,5235 2653 9671 1926,2022-10-17 10:38:03,1972-04-15
43 67 055190,Али,Адросимов,Петрович,2023-04-17,4390 5684 1477 3313,2022-10-17 10:43:03,1988-09-24
06 78 811995,Адриан,Черкесов,Стефанович,2023-04-17,4438 8852 3471 6072,2022-10-17 10:45:03,1968-05-11
18 30 083538,Семен,Лихачевский,Давидович,2023-04-17,4469 5548 7982 3021,2022-10-17 10:46:03,1998-11-10
22 46 775388,Степан,Смердинский,Родионович,2023-04-17,5290 4766 2823 1417,2022-10-17 10:47:03,1958-02-07
22 75 786973,Микаил,Кувидоров,Борисович,2023-04-17,4377 7397 8443 4466,2022-10-17 10:47:03,1992-10-14
34 74 180498,Эрик,Нещерецкий,Рамильевич,2023-04-17,4565 1532 0503 3364,2022-10-17 10:47:03,1987-10-27
68 20 771624,Ахмед,Ставер,Оскарович,2023-04-17,4276 4444 8837 5162,2022-10-17 10:48:03,1985-03-04
56 79 753592,Григорий,Гульфин,Ратмирович,2023-04-17,5257 4414 3386 5529,2022-10-17 10:48:03,1962-12-09
84 06 782588,Иван,Абарбанель,Васильевич,2023-04-17,5440 5868 3394 4486,2022-10-17 10:49:03,1995-03-16
97 96 315347,Кирилл,Майманаков,Ахмедович,2023-04-17,4059 9296 4448 7433,2022-10-17 10:49:03,1979-03-21
52 61 188273,Василий,Рабков,Рустамович,2023-04-17,5224 7055 3616 2673,2022-10-17 10:50:03,1987-12-04
44 98 002283,Теодор,Грунько,Максимович,2023-04-17,4058 7027 7243 7566,2022-10-17 11:41:03,1973-07-18
05 70 067439,Антон,Тимарин,Эрикович,2023-04-17,4438 8867 4210 4553,2022-10-17 11:43:03,1973-03-22
12 77 949782,Гордей,Ларжевский,Всеволодович,2023-04-17,4478 1728 1114 1581,2022-10-17 11:44:03,1968-09-05
04 59 113205,Родион,Волтилайнен,Мансурович,2023-04-17,4627 3037 3282 6725,2022-10-17 11:44:03,1983-04-21
27 49 262016,Борис,Мотаненко,Гордеевич,2023-04-17,4627 3045 2894 5596,2022-10-17 11:45:03,1963-04-15
06 80 564906,Шамиль,Ревуцкий,Гавриилович,2023-04-17,5278 8361 0371 2296,2022-10-17 11:46:03,1966-04-12
15 79 877463,Мирон,Кумшацкий,Кириллович,2023-04-17,5331 5747 8130 8328,2022-10-17 11:46:03,1985-01-29
88 78 112610,Мирон,Зябрин,Булатович,2023-04-17,5545 6283 3141 7815,2022-10-17 11:50:03,1958-04-04
05 81 839545,Андрей,Ульяненков,Ильясович,2023-04-17,5545 6251 8115 1155,2022-10-17 11:52:03,1960-03-09
09 14 364282,Максим,Заверженцев,Усманович,2023-04-17,4272 2901 0217 6245,2022-10-17 13:05:03,1974-09-10
68 40 991471,Василий,Мамович,Архипович,2023-04-17,5257 4418 7772 2152,2022-10-17 13:06:03,1979-04-11
45 28 025554,Николай,Помпер,Александрович,2023-04-17,5313 4483 6276 2132,2022-10-17 13:06:03,1966-01-24
36 63 032448,Эмин,Далгушев,Львович,2023-04-17,4627 2988 3005 6854,2022-10-17 13:06:03,1999-11-28
96 77 604654,Ян,Липинов,Денисович,2023-04-17,5545 6281 1485 7567,2022-10-17 14:11:03,1985-03-23
01 64 550836,Карим,Агыбаев,Юрьевич,2023-04-17,5257 4450 2831 6103,2022-10-17 14:17:04,1975-05-24
81 59 242803,Ратмир,Деордиев,Алиевич,2023-04-17,4478 1754 9445 4122,2022-10-17 14:17:04,1990-02-17
71 68 590189,Лев,Ральдугин,Сергеевич,2023-04-17,4909 8636 8834 8080,2022-10-17 14:21:03,1995-02-16
71 73 652911,Виктор,Базалев,Левонович,2023-04-17,4469 5849 9664 5841,2022-10-17 14:21:03,1989-08-22
47 72 813648,Кирилл,Сколебюк,Максимилианович,2023-04-17,4454 3525 3281 6582,2022-10-17 14:26:03,1966-01-13
32 46 460001,Сергей,Живичкин,Ростиславович,2023-04-17,4406 6646 2185 2735,2022-10-17 14:26:03,1969-11-07
52 50 886003,Виктор,Щиченков,Маркович,2023-04-17,4908 5529 4296 9440,2022-10-17 14:42:04,1997-05-27
21 16 503083,Микаил,Позов,Артурович,2023-04-17,4104 6262 3257 7287,2022-10-17 14:42:04,1983-08-05
28 06 545173,Иса,Трунев,Каримович,2023-04-17,5257 4455 3779 4857,2022-10-17 14:44:03,1960-04-30
48 79 728317,Макар,Богомягких,Булатович,2023-04-17,5136 9117 2628 6481,2022-10-17 14:44:03,1987-05-16
14 84 453049,Макар,Венгрипович,Гордеевич,2023-04-17,5313 4425 4240 7254,2022-10-17 14:45:03,1997-04-24
71 68 576417,Тимур,Гвенитадзе,Кузьмич,2023-04-17,4469 5551 6356 1243,2022-10-17 14:46:03,1978-04-21
67 04 463017,Ефим,Пустинников,Юрьевич,2023-04-17,4058 7072 7881 1461,2022-10-17 15:04:03,1984-02-14
05 64 899335,Елисей,Ратанин,Умарович,2023-04-17,5406 1664 8917 6626,2022-10-17 15:04:03,1976-11-17
38 18 522627,Клим,Пранчук,Вадимович,2023-04-17,5445 7388 7566 0521,2022-10-17 15:14:03,1978-03-03
33 20 521222,Юсуф,Занузданов,Ратмирович,2023-04-17,4104 6263 4066 5156,2022-10-17 15:14:03,1976-11-04
14 17 970686,Альберт,Агафоонов,Дамирович,2023-04-17,5489 9956 1882 3017,2022-10-17 15:14:03,1959-05-26
81 53 040519,Родион,Турсунматов,Арсланович,2023-04-17,4406 6626 1576 3975,2022-10-17 15:38:03,1988-09-23
46 86 338548,Исмаил,Молитько,Николаевич,2023-04-17,4341 4626 6566 3235,2022-10-17 15:39:03,1962-05-09
61 54 030748,Алекс,Цыбульков,Егорович,2023-04-17,5316 8734 4458 4427,2022-10-17 15:39:03,1986-04-30
26 11 513081,Амин,Эстубаев,Серафимович,2023-04-17,4341 4622 1488 7020,2022-10-17 15:40:03,1985-06-16
84 28 990964,Умар,Свитильщук,Рамзанович,2023-04-17,4438 8853 2500 6292,2022-10-17 15:40:03,1975-10-05
35 92 592388,Умар,Трутнев,Всеволодович,2023-04-17,4047 5778 7478 5979,2022-10-17 15:43:03,1993-03-15
66 50 564708,Демид,Охманюк,Расулович,2023-04-17,5278 8319 6106 7636,2022-10-17 15:44:03,1999-03-10
92 81 594293,Евгений,Бахвалов,Георгиевич,2023-04-17,4341 4688 5445 1647,2022-10-17 16:27:03,1960-05-24
63 39 552263,Артем,Ружичнер,Арсениевич,2023-04-17,5323 1504 7464 5639,2022-10-17 16:27:03,1980-08-03
38 38 493475,Алан,Носовицкий,Рамильевич,2023-04-17,5323 1523 5802 1515,2022-10-17 16:28:03,1972-07-11
18 09 967506,Михаил,Алеакпаров,Захарович,2023-04-17,4341 4645 2605 8746,2022-10-17 16:28:03,1969-05-20
71 06 232001,Леон,Муджиков,Арсенович,2023-04-17,5117 3842 2626 9733,2022-10-17 16:28:03,1990-11-08
72 93 127035,Ратмир,Шахниенко,Германович,2023-04-17,5100 8244 4740 1317,2022-10-17 16:30:03,1995-05-02
63 70 322167,Георгий,Филкий,Адамович,2023-04-17,4908 5517 1515 3323,2022-10-17 16:30:03,1990-01-27
47 42 977618,Марат,Свиридоненко,Магомедович,2023-04-17,5545 6230 7347 5444,2022-10-17 16:33:04,1996-12-24
55 24 289430,Алексей,Зализинский,Всеволодович,2023-04-17,4469 5528 2211 2369,2022-10-17 16:44:03,1960-08-28
34 01 898374,Самир,Гендзюровский,Маратович,2023-04-17,5440 5855 6147 7685,2022-10-17 16:45:03,1974-08-26
51 87 223788,Артур,Шинтяев,Владиславович,2023-04-17,4377 7324 2625 5472,2022-10-17 17:18:03,1966-01-16
33 83 281725,Назар,Воеводченко,Игоревич,2023-04-17,5257 4453 0997 0750,2022-10-17 17:18:03,1979-08-14
19 50 203964,Магомед,Вшанов,Иванович,2023-04-17,4565 1575 9373 8732,2022-10-17 17:19:03,1991-08-11
09 53 371176,Михаил,Бурневич,Леонидович,2023-04-17,4341 4675 6915 4215,2022-10-17 17:19:03,1994-08-05
45 64 363547,Эльдар,Еслев,Акимович,2023-04-17,5440 5828 6871 0827,2022-10-17 17:19:03,1964-05-18
63 47 878466,Петр,Машуренко,Васильевич,2023-04-17,5290 4784 8777 2366,2022-10-17 17:20:03,1964-02-09
15 04 572874,Демид,Воропинов,Петрович,2023-04-17,5290 4746 3478 7399,2022-10-17 17:20:03,1983-04-20
61 93 338081,Микаил,Гозунов,Захарович,2023-04-17,5100 4732 3800 5406,2022-10-17 17:57:03,1984-06-06
49 35 369771,Андрей,Полторецкий,Каримович,2023-04-17,4478 1824 6922 6550,2022-10-17 17:57:03,1973-04-17
05 78 855072,Лев,Норукович,Расулович,2023-04-17,4908 5585 8245 6374,2022-10-17 17:57:03,1976-03-15
26 21 530103,Ратмир,Пацерин,Станиславович,2023-04-17,4406 6679 6338 4415,2022-10-17 18:40:03,1987-12-22
93 49 883283,Марат,Кардапольцев,Алексович,2023-04-17,5290 4787 1642 9531,2022-10-17 18:40:03,2000-05-30
29 58 737307,Артемий,Дряпиков,Олегович,2023-04-17,5136 9144 2713 4992,2022-10-17 18:41:03,1963-01-07
15 93 963427,Лев,Дмитриенко,Арменович,2023-04-17,4390 5634 5725 7373,2022-10-17 18:41:03,1960-02-13
98 91 330060,Сулейман,Узингин,Саидович,2023-04-17,5257 4457 3130 0857,2022-10-17 19:41:03,1960-05-20
75 64 788048,Айдар,Леващук,Егорович,2023-04-17,4841 5739 4118 4922,2022-10-17 19:45:03,1995-09-08
03 71 162776,Осман,Пигилов,Кириллович,2023-04-17,4272 2955 1234 0349,2022-10-17 19:50:04,1958-01-01
14 60 639776,Рафаэль,Лопкарев,Федорович,2023-04-17,4349 1460 9475 5603,2022-10-17 19:50:04,1987-10-09
